postcode,structured postcode,postcode area,SFBB availability (% premises),UFBB availability (% premises),NGA availability (% premises),% of premises unable to receive 2Mbit/s,% of premises unable to receive 5Mbit/s,% of premises unable to receive 10Mbit/s,% of premises unable to receive 30Mbit/s,Median download speed (Mbit/s),Average download speed (Mbit/s),Minimum download speed (Mbit/s),Maximum download speed (Mbit/s),Average download speed (Mbit/s) for lines  < 10Mbit/s,Average download speed (Mbit/s) for Basic BB lines,Average download speed (Mbit/s) for SFBB lines,Average download speed (Mbit/s) for UFBB lines,Median upload speed (Mbit/s),Average upload speed (Mbit/s),Minimum upload speed (Mbit/s),Maximum upload speed (Mbit/s),Average upload speed (Mbit/s) for lines <10Mbit/s,Average upload speed (Mbit/s) for Basic BB lines,Average upload speed (Mbit/s) for SFBB lines,Average upload speed (Mbit/s) for UFBB lines,Number of connections < 2 Mbit/s  (number of lines),Number of connections 2<5 Mbit/s  (number of lines),Number of connections 5<10 Mbit/s  (number of lines),Number of connections 10<30 Mbit/s  (number of lines),Number of connections >= 30 Mbit/s  (number of lines),Number of connections >= 300 Mbit/s  (number of lines),Average data usage (GB),Average data usage (GB) for lines <10Mbit/s,Average data usage (GB) for Basic BB lines,Average data usage (GB) for SFBB lines,Average data usage (GB) for UFBB lines
HS12AE,HS1 2AE,HS,0,0,0,0,0,0,100,N/A,N/A,N/A,N/A,N/A,N/A,N/A,N/A,N/A,N/A,N/A,N/A,N/A,N/A,N/A,N/A,N/A,N/A,N/A,N/A,N/A,N/A,N/A,N/A,N/A,N/A,N/A
HS12AG,HS1 2AG,HS,0,0,0,0,0,0,100,19.9,18.2,10.7,21.1,0,18.2,0,0,1.2,1.1,0.4,1.2,0,1.1,0,0,0,0,0,22,0,0,177.3,0,177.3,0,0
HS12BD,HS1 2BD,HS,0,0,0,0,0,0,100,N/A,N/A,N/A,N/A,N/A,N/A,N/A,N/A,N/A,N/A,N/A,N/A,N/A,N/A,N/A,N/A,N/A,N/A,N/A,N/A,N/A,N/A,N/A,N/A,N/A,N/A,N/A
HS12BE,HS1 2BE,HS,0,0,0,0,0,0,100,N/A,N/A,N/A,N/A,N/A,N/A,N/A,N/A,N/A,N/A,N/A,N/A,N/A,N/A,N/A,N/A,N/A,N/A,N/A,N/A,N/A,N/A,N/A,N/A,N/A,N/A,N/A
HS12BJ,HS1 2BJ,HS,0,0,0,0,0,0,100,N/A,N/A,N/A,N/A,N/A,N/A,N/A,N/A,N/A,N/A,N/A,N/A,N/A,N/A,N/A,N/A,N/A,N/A,N/A,N/A,N/A,N/A,N/A,N/A,N/A,N/A,N/A
HS12BN,HS1 2BN,HS,0,0,33,0,0,0,100,8.1,10.7,7.4,22.2,7.8,10.7,0,0,1.2,1.2,1.2,1.2,0,1.2,0,0,0,0,4,1,0,0,128.2,150.0,128.2,0,0
HS12BS,HS1 2BS,HS,20,0,20,0,0,0,80,N/A,N/A,N/A,N/A,N/A,N/A,N/A,N/A,N/A,N/A,N/A,N/A,N/A,N/A,N/A,N/A,N/A,N/A,N/A,N/A,N/A,N/A,N/A,N/A,N/A,N/A,N/A
HS12BT,HS1 2BT,HS,0,0,0,0,0,0,100,N/A,N/A,N/A,N/A,N/A,N/A,N/A,N/A,N/A,N/A,N/A,N/A,N/A,N/A,N/A,N/A,N/A,N/A,N/A,N/A,N/A,N/A,N/A,N/A,N/A,N/A,N/A
HS12DA,HS1 2DA,HS,0,0,0,0,0,0,100,8.1,9.4,4.8,24.4,7.5,9.4,0,0,0.4,0.4,0.4,0.4,0.4,0.4,0,0,0,1,7,1,0,0,34.2,34.2,34.2,0,0
HS12DB,HS1 2DB,HS,0,0,0,0,0,0,100,20.6,18.4,8.1,24.4,8.1,18.4,0,0,1.2,1.2,1.2,1.2,0,1.2,0,0,0,0,1,3,0,0,40.3,26.2,40.3,0,0
HS12DD,HS1 2DD,HS,0,0,0,0,0,0,100,8.1,12.0,5.7,24.4,7.6,12.0,0,0,1.2,1.0,0.4,1.3,0.8,1.0,0,0,0,0,14,6,0,0,32.2,12.1,32.2,0,0
HS12DF,HS1 2DF,HS,0,0,0,0,0,0,100,8.1,12.0,7.4,24.4,7.9,12.0,0,0,1.3,1.3,1.3,1.3,0,1.3,0,0,0,0,3,1,0,0,10.2,11.5,10.2,0,0
HS12DG,HS1 2DG,HS,0,0,0,0,0,0,100,8.1,14.2,6.2,24.4,7.4,14.2,0,0,1.2,1.0,0.4,1.3,0.4,1.0,0,0,0,0,6,5,0,0,88.9,41.3,88.9,0,0
HS12DH,HS1 2DH,HS,0,0,0,0,0,0,100,20.8,16.1,5.7,24.4,7.2,16.1,0,0,1.2,1.7,0.4,7.7,0.4,1.7,0,0,0,0,7,9,0,0,88.5,16.6,88.5,0,0
HS12DJ,HS1 2DJ,HS,0,0,0,0,0,0,100,21.9,18.5,7.4,22.9,7.4,18.5,0,0,1.2,1.2,1.2,1.2,0,1.2,0,0,0,0,1,3,0,0,113.6,44.3,113.6,0,0
HS12DL,HS1 2DL,HS,0,0,0,0,0,0,100,20.4,18.5,7.1,40.0,7.9,17.4,40.0,0,1.2,1.1,0.4,1.2,0.4,1.1,0,0,0,0,4,15,1,0,97.4,90.4,102.8,0.0,0
HS12DP,HS1 2DP,HS,0,0,0,0,0,0,100,N/A,N/A,N/A,N/A,N/A,N/A,N/A,N/A,N/A,N/A,N/A,N/A,N/A,N/A,N/A,N/A,N/A,N/A,N/A,N/A,N/A,N/A,N/A,N/A,N/A,N/A,N/A
HS12DR,HS1 2DR,HS,0,0,0,0,0,0,100,8.1,10.4,2.8,24.4,6.8,10.4,0,0,1.2,0.9,0.4,1.2,0.4,0.9,0,0,0,1,5,3,0,0,99.3,86.7,99.3,0,0
HS12DS,HS1 2DS,HS,0,0,0,0,0,0,100,8.1,12.6,7.4,24.4,8.0,12.6,0,0,1.2,1.2,1.2,1.3,0,1.2,0,0,0,0,7,5,0,0,130.9,197.9,130.9,0,0
HS12DT,HS1 2DT,HS,0,0,0,0,0,0,100,N/A,N/A,N/A,N/A,N/A,N/A,N/A,N/A,N/A,N/A,N/A,N/A,N/A,N/A,N/A,N/A,N/A,N/A,N/A,N/A,N/A,N/A,N/A,N/A,N/A,N/A,N/A
HS12DU,HS1 2DU,HS,0,0,0,0,0,0,100,8.1,13.6,7.4,24.4,8.0,13.6,0,0,1.2,1.2,1.0,1.3,1.0,1.2,0,0,0,0,11,8,0,0,51.4,39.9,51.4,0,0
HS12DX,HS1 2DX,HS,0,0,0,0,0,0,100,21.6,19.1,7.2,23.3,7.2,19.1,0,0,1.2,1.0,0.4,1.2,0.4,1.0,0,0,0,0,1,4,0,0,26.5,3.0,26.5,0,0
HS12DY,HS1 2DY,HS,0,0,0,0,0,0,100,0,0,0,0,0,0,0,0,0,0,0,0,0,0,0,0,0,0,0,0,0,0,0,0,0,0,0
HS12DZ,HS1 2DZ,HS,61,0,61,0,0,0,39,16.2,20.5,5.1,79.8,7.4,13.7,74.9,0,1.2,2.3,0.4,14.0,0.4,1.1,14.0,0,0,0,7,9,2,0,38.2,17.0,31.0,96.0,0
HS12EB,HS1 2EB,HS,0,0,0,0,0,0,100,8.1,14.5,8.1,24.4,8.1,14.5,0,0,1.1,1.1,1.0,1.2,0,1.1,0,0,0,0,3,2,0,0,220.4,319.3,220.4,0,0
HS12ED,HS1 2ED,HS,0,0,0,0,0,0,100,21.9,20.2,8.1,23.8,8.1,20.2,0,0,1.2,1.2,0.8,1.3,0,1.2,0,0,0,0,1,9,0,0,86.4,258.2,86.4,0,0
HS12EG,HS1 2EG,HS,100,0,100,0,0,0,0,36.5,32.1,5.7,68.9,7.4,11.1,50.0,0,10.0,7.9,1.0,20.0,1.0,1.1,11.3,0,0,0,3,3,7,0,74.1,51.5,35.7,96.0,0
HS12EH,HS1 2EH,HS,100,0,100,0,0,0,0,15.9,31.9,14.3,59.0,0,15.3,57.0,0,1.2,6.7,0.8,20.0,0,1.1,15.0,0,0,0,0,3,2,0,104.2,0,9.8,245.9,0
HS12EJ,HS1 2EJ,HS,100,0,100,0,0,0,0,40.0,34.0,8.1,59.1,8.7,12.8,48.2,0,9.2,7.0,0.7,11.3,0.7,1.0,9.9,0,0,0,2,2,6,0,181.6,9.7,13.7,265.5,0
HS12EP,HS1 2EP,HS,100,0,100,0,0,0,0,12.0,33.6,8.1,79.7,8.1,9.4,69.8,0,0.8,0.8,0.8,0.8,0,0.8,0,0,0,0,2,1,2,0,125.0,0.0,12.8,237.3,0
HS12EU,HS1 2EU,HS,100,0,100,0,0,0,0,N/A,N/A,N/A,N/A,N/A,N/A,N/A,N/A,N/A,N/A,N/A,N/A,N/A,N/A,N/A,N/A,N/A,N/A,N/A,N/A,N/A,N/A,N/A,N/A,N/A,N/A,N/A
HS12EW,HS1 2EW,HS,100,0,100,0,0,0,0,N/A,N/A,N/A,N/A,N/A,N/A,N/A,N/A,N/A,N/A,N/A,N/A,N/A,N/A,N/A,N/A,N/A,N/A,N/A,N/A,N/A,N/A,N/A,N/A,N/A,N/A,N/A
HS12EX,HS1 2EX,HS,100,0,100,0,0,0,0,16.9,26.2,14.3,54.9,0,15.6,47.5,0,1.2,3.1,1.1,10.0,0,1.2,6.0,0,0,0,0,4,2,0,99.1,0,107.2,86.9,0
HS12EY,HS1 2EY,HS,95,0,95,0,0,0,5,15.1,34.7,5.2,79.7,5.2,12.7,60.2,0,1.2,5.2,0.4,20.0,0.4,1.1,13.3,0,0,0,1,6,6,0,124.4,47.5,38.9,209.9,0
HS12EZ,HS1 2EZ,HS,100,0,100,0,0,0,0,18.7,19.3,8.0,40.0,8.0,14.1,40.0,0,0.9,0.9,0.9,0.9,0,0.9,0,0,0,0,1,3,1,0,59.4,30.8,21.8,134.7,0
HS12HA,HS1 2HA,HS,100,0,100,0,0,0,0,37.4,33.2,2.8,54.9,7.0,11.8,51.0,0,9.3,6.6,0.4,15.4,0.4,0.8,10.1,0,0,1,5,4,12,0,90.2,77.0,108.4,75.4,0
HS12HB,HS1 2HB,HS,100,0,100,0,0,0,0,13.5,12.4,8.1,14.3,8.1,12.4,0,0,1.2,1.1,0.9,1.2,0,1.1,0,0,0,0,1,3,0,0,86.8,0.7,86.8,0,0
HS12HD,HS1 2HD,HS,100,0,100,0,0,0,0,N/A,N/A,N/A,N/A,N/A,N/A,N/A,N/A,N/A,N/A,N/A,N/A,N/A,N/A,N/A,N/A,N/A,N/A,N/A,N/A,N/A,N/A,N/A,N/A,N/A,N/A,N/A
HS12HE,HS1 2HE,HS,100,0,100,0,0,0,0,28.2,30.6,6.1,55.0,8.1,14.4,49.5,0,10.0,6.9,0.4,13.0,0.4,3.2,10.3,0,0,0,6,8,12,0,126.0,11.6,91.8,160.2,0
HS12HF,HS1 2HF,HS,100,0,100,0,0,0,0,13.0,20.3,0.2,66.7,6.0,9.8,42.9,0,1.6,4.7,0.4,20.0,0.9,1.6,11.9,0,2,0,7,4,6,0,116.5,27.5,43.1,251.0,0
HS12HG,HS1 2HG,HS,100,0,100,0,0,0,0,54.9,49.6,30.0,55.0,0,29.9,54.5,0,10.0,10.9,9.0,14.5,0,9.0,11.5,0,0,0,0,1,4,0,105.6,0,35.4,123.1,0
HS12HH,HS1 2HH,HS,100,0,100,0,0,0,0,41.2,42.5,6.2,79.9,6.8,10.0,75.0,0,10.6,10.4,0.4,20.0,0.4,0.8,20.0,0,0,0,2,2,4,0,150.5,21.5,15.1,252.1,0
HS12HJ,HS1 2HJ,HS,100,0,100,0,0,0,0,10.0,20.8,0.2,47.3,7.1,11.2,39.9,0,7.7,5.8,0.4,10.0,0.9,3.0,9.8,0,1,1,9,3,7,0,97.4,47.9,72.1,130.9,0
HS12HL,HS1 2HL,HS,100,0,100,0,0,0,0,8.1,9.1,6.2,13.9,7.5,9.1,0,0,3.0,3.0,0.4,5.5,0.4,3.0,0,0,0,0,3,1,0,0,19.2,19.4,19.2,0,0
HS12HN,HS1 2HN,HS,100,0,100,0,0,0,0,21.6,31.7,3.5,63.6,7.0,11.3,55.4,0,10.0,8.4,0.8,19.8,0,1.0,11.3,0,0,1,3,3,6,0,148.2,102.8,126.3,166.4,0
HS12HP,HS1 2HP,HS,100,0,100,0,0,0,0,18.3,30.5,6.3,75.8,7.8,13.4,53.9,0,10.0,7.6,0.4,20.0,0.4,1.0,13.2,0,0,0,6,9,11,0,68.1,25.5,58.6,78.3,0
HS12HQ,HS1 2HQ,HS,100,0,100,0,0,0,0,13.8,25.6,3.0,76.3,7.3,10.0,51.6,0,9.2,6.1,0.4,20.0,0.8,1.6,10.9,0,0,3,14,8,15,0,95.3,48.1,45.5,161.7,0
HS12HR,HS1 2HR,HS,100,0,100,0,0,0,0,14.6,22.4,3.6,54.9,7.5,9.8,44.3,0,1.0,3.7,0.4,10.0,0.6,0.7,8.7,0,0,1,4,2,4,0,114.7,84.2,111.4,120.4,0
HS12HT,HS1 2HT,HS,100,0,100,0,0,0,0,29.3,32.1,4.4,70.1,4.5,7.7,56.4,0,5.6,7.0,0.4,20.0,0.4,0.7,13.3,0,0,2,0,1,3,0,146.9,18.5,82.2,211.5,0
HS12HY,HS1 2HY,HS,100,0,100,0,0,0,0,16.4,29.4,5.7,60.2,7.2,13.0,50.2,0,1.2,4.2,0.3,10.0,0.4,1.0,8.7,0,0,0,4,15,15,0,128.5,185.2,139.1,111.1,0
HS12JA,HS1 2JA,HS,0,0,0,0,0,0,100,8.1,12.2,4.0,24.4,7.8,12.2,0,0,1.2,1.1,0.4,1.3,0.4,1.1,0,0,0,1,17,8,0,0,46.8,6.7,46.8,0,0
HS12JB,HS1 2JB,HS,0,0,0,0,0,0,100,14.2,15.2,8.0,24.4,8.0,15.2,0,0,1.2,1.2,1.1,1.2,0,1.2,0,0,0,0,2,2,0,0,1.3,2.5,1.3,0,0
HS12JD,HS1 2JD,HS,0,0,0,0,0,0,100,8.1,12.7,3.5,24.4,7.1,12.7,0,0,1.2,1.0,0.4,1.2,0.4,1.0,0,0,0,1,5,4,0,0,71.4,57.7,71.4,0,0
HS12JE,HS1 2JE,HS,0,0,0,0,0,0,100,14.0,13.3,8.1,19.1,8.1,13.3,0,0,3.5,3.5,1.2,5.9,0,3.5,0,0,0,0,2,3,0,0,77.5,29.4,77.5,0,0
HS12JF,HS1 2JF,HS,0,0,0,0,0,8,100,20.4,17.5,6.8,24.5,7.8,17.5,0,0,1.2,1.1,0.4,1.3,0.4,1.1,0,0,0,0,4,9,0,0,75.2,5.8,75.2,0,0
HS12JG,HS1 2JG,HS,0,0,0,0,0,0,100,22.2,17.5,8.1,24.3,8.2,17.5,0,0,1.2,1.1,0.4,1.3,0.4,1.1,0,0,0,0,4,8,0,0,70.7,64.3,70.7,0,0
HS12JH,HS1 2JH,HS,0,0,0,0,0,0,100,14.3,13.8,2.2,23.4,6.7,13.8,0,0,1.2,1.0,0.1,1.3,0.3,1.0,0,0,0,2,5,8,0,0,28.2,10.0,28.2,0,0
HS12JJ,HS1 2JJ,HS,0,0,0,0,0,0,100,15.2,13.7,0.3,23.2,5.4,13.7,0,0,1.2,1.2,0.9,1.2,0,1.2,0,0,1,1,3,7,0,0,106.2,65.8,106.2,0,0
HS12JL,HS1 2JL,HS,0,0,0,0,0,0,100,17.9,16.1,7.4,22.5,7.7,16.1,0,0,1.2,1.2,1.1,1.3,0,1.2,0,0,0,0,2,5,0,0,163.0,123.5,163.0,0,0
HS12JN,HS1 2JN,HS,0,0,0,0,0,0,100,16.1,14.9,1.4,23.6,4.7,14.9,0,0,1.2,1.0,0.3,1.3,0.3,1.0,0,0,1,0,1,5,0,0,59.3,32.6,59.3,0,0
HS12JQ,HS1 2JQ,HS,0,0,0,0,0,0,100,12.3,12.8,2.3,22.2,5.9,12.8,0,0,1.1,0.9,0.3,1.2,0.4,0.9,0,0,0,2,3,5,0,0,46.9,63.3,46.9,0,0
HS12JR,HS1 2JR,HS,0,0,0,0,0,0,100,21.0,17.4,8.0,22.3,8.0,17.4,0,0,1.2,1.0,0.4,1.3,0.4,1.0,0,0,0,0,2,7,0,0,67.5,13.1,67.5,0,0
HS12JS,HS1 2JS,HS,0,0,0,0,0,0,100,19.5,16.4,0.3,23.2,6.8,16.4,0,0,1.2,1.1,0.4,1.3,0.5,1.1,0,0,1,1,7,27,0,0,91.1,124.3,91.1,0,0
HS12JT,HS1 2JT,HS,0,0,0,0,0,0,100,17.2,15.4,8.1,19.8,8.1,15.4,0,0,1.2,1.8,0.8,4.5,0,1.8,0,0,0,0,2,5,0,0,151.6,60.6,151.6,0,0
HS12JU,HS1 2JU,HS,0,0,0,0,0,0,100,N/A,N/A,N/A,N/A,N/A,N/A,N/A,N/A,N/A,N/A,N/A,N/A,N/A,N/A,N/A,N/A,N/A,N/A,N/A,N/A,N/A,N/A,N/A,N/A,N/A,N/A,N/A
HS12JW,HS1 2JW,HS,0,0,0,0,0,0,100,20.8,19.0,6.9,43.0,7.6,17.6,43.0,0,1.2,1.6,0.4,8.9,0.4,1.0,8.9,0,0,0,4,13,1,0,109.4,183.9,113.7,41.2,0
HS12JX,HS1 2JX,HS,0,0,0,0,0,0,100,17.6,16.4,8.1,22.3,8.1,16.4,0,0,1.2,1.0,0.4,1.2,0,1.0,0,0,0,0,1,3,0,0,88.7,140.7,88.7,0,0
HS12JY,HS1 2JY,HS,0,0,0,0,0,0,100,17.8,17.7,14.3,20.6,0,17.7,0,0,1.2,1.2,1.2,1.3,0,1.2,0,0,0,0,0,6,0,0,77.4,0,77.4,0,0
HS12JZ,HS1 2JZ,HS,0,0,0,0,0,0,100,N/A,N/A,N/A,N/A,N/A,N/A,N/A,N/A,N/A,N/A,N/A,N/A,N/A,N/A,N/A,N/A,N/A,N/A,N/A,N/A,N/A,N/A,N/A,N/A,N/A,N/A,N/A
HS12LA,HS1 2LA,HS,59,0,59,0,0,0,41,17.1,16.2,3.4,54.9,7.5,13.7,54.9,0,1.2,2.0,0.4,10.0,0.4,1.1,10.0,0,0,1,14,16,2,0,33.8,34.9,34.3,26.3,0
HS12LB,HS1 2LB,HS,100,0,100,0,0,0,0,17.0,27.2,6.2,77.4,7.5,14.5,62.1,0,1.2,6.3,0.8,20.0,0,2.2,14.3,0,0,0,3,8,4,0,34.5,3.4,34.0,35.8,0
HS12LD,HS1 2LD,HS,100,0,100,0,0,0,0,17.6,23.1,5.1,54.9,7.4,12.5,42.3,0,1.3,3.9,0.4,14.8,0.4,1.2,9.2,0,0,0,8,10,10,0,75.8,29.9,42.7,135.4,0
HS12LE,HS1 2LE,HS,100,0,100,0,0,0,0,N/A,N/A,N/A,N/A,N/A,N/A,N/A,N/A,N/A,N/A,N/A,N/A,N/A,N/A,N/A,N/A,N/A,N/A,N/A,N/A,N/A,N/A,N/A,N/A,N/A,N/A,N/A
HS12LF,HS1 2LF,HS,100,0,100,0,0,0,0,8.1,19.3,8.0,54.9,8.1,9.1,49.9,0,9.6,9.6,9.3,10.0,0,0,9.6,0,0,0,5,1,2,0,64.8,82.9,82.9,19.5,0
HS12LG,HS1 2LG,HS,100,0,100,0,0,0,0,18.2,23.8,5.1,55.0,7.5,14.9,46.2,0,1.2,4.5,0.4,15.6,0.7,1.9,9.5,0,0,0,5,20,10,0,84.6,46.4,86.9,80.4,0
HS12LH,HS1 2LH,HS,64,0,64,0,0,0,36,15.3,23.4,4.9,79.8,7.5,13.6,67.3,0,1.2,2.2,0.4,10.0,0.4,1.0,10.0,0,0,1,6,11,4,0,61.1,24.3,60.9,62.2,0
HS12LL,HS1 2LL,HS,0,0,0,0,0,0,100,19.3,16.2,5.1,22.2,6.6,16.2,0,0,1.2,1.2,0.8,1.2,0,1.2,0,0,0,0,2,6,0,0,69.8,39.4,69.8,0,0
HS12LP,HS1 2LP,HS,0,0,0,0,0,0,100,19.3,16.3,6.6,21.4,7.4,16.3,0,0,1.2,1.1,0.8,1.2,1.2,1.1,0,0,0,0,2,5,0,0,100.4,7.2,100.4,0,0
HS12LQ,HS1 2LQ,HS,100,0,100,0,0,0,0,26.4,29.3,6.2,60.3,7.6,15.0,47.3,0,8.1,6.8,0.4,20.0,0.4,3.0,11.2,0,0,0,4,6,8,0,88.3,43.9,92.8,82.4,0
HS12LR,HS1 2LR,HS,0,0,0,0,0,0,100,18.2,17.0,7.4,22.9,7.4,17.0,0,0,1.2,1.1,0.6,1.3,0,1.1,0,0,0,0,1,5,0,0,114.9,182.0,114.9,0,0
HS12LS,HS1 2LS,HS,0,0,0,0,0,0,100,14.6,15.1,8.1,23.2,8.1,15.1,0,0,1.2,1.2,1.0,1.3,0,1.2,0,0,0,0,2,4,0,0,136.5,32.4,136.5,0,0
HS12LU,HS1 2LU,HS,100,0,100,0,0,0,0,0,0,0,0,0,0,0,0,0,0,0,0,0,0,0,0,0,0,0,0,0,0,0,0,0,0,0
HS12LW,HS1 2LW,HS,0,0,0,0,0,0,100,N/A,N/A,N/A,N/A,N/A,N/A,N/A,N/A,N/A,N/A,N/A,N/A,N/A,N/A,N/A,N/A,N/A,N/A,N/A,N/A,N/A,N/A,N/A,N/A,N/A,N/A,N/A
HS12NB,HS1 2NB,HS,0,0,0,0,0,0,100,8.1,10.8,8.0,18.2,8.1,10.8,0,0,0.8,0.8,0.4,1.2,0,0.8,0,0,0,0,4,2,0,0,22.8,15.0,22.8,0,0
HS12ND,HS1 2ND,HS,0,0,0,0,0,0,100,20.0,16.3,8.1,23.1,8.1,16.3,0,0,1.2,1.1,0.8,1.2,1.1,1.1,0,0,0,0,4,8,0,0,123.9,45.0,123.9,0,0
HS12NE,HS1 2NE,HS,100,0,100,0,0,0,0,21.5,35.4,1.2,79.7,6.4,14.4,65.3,0,1.2,7.2,0.8,20.0,0,1.1,14.6,0,1,0,3,6,7,0,91.4,16.8,53.7,145.4,0
HS12NF,HS1 2NF,HS,0,0,0,0,0,0,100,23.5,19.9,8.1,24.2,8.1,19.9,0,0,1.2,1.1,0.5,1.3,0,1.1,0,0,0,0,1,7,0,0,94.1,125.9,94.1,0,0
HS12NG,HS1 2NG,HS,0,0,0,0,0,0,100,N/A,N/A,N/A,N/A,N/A,N/A,N/A,N/A,N/A,N/A,N/A,N/A,N/A,N/A,N/A,N/A,N/A,N/A,N/A,N/A,N/A,N/A,N/A,N/A,N/A,N/A,N/A
HS12NH,HS1 2NH,HS,100,0,100,0,0,0,0,18.7,24.7,8.1,54.9,8.1,14.1,45.7,0,2.1,4.9,1.1,10.0,0,1.5,10.0,0,0,0,1,3,2,0,193.7,5.0,80.4,420.3,0
HS12NJ,HS1 2NJ,HS,23,0,23,0,0,0,77,20.7,27.1,4.7,79.8,5.8,17.0,67.3,0,1.2,2.0,0.4,10.0,0.4,1.0,10.0,0,0,1,1,6,2,0,98.8,112.0,74.7,195.2,0
HS12NL,HS1 2NL,HS,100,0,100,0,0,0,0,21.6,32.9,0.5,79.8,6.6,14.4,59.3,0,1.2,3.7,0.1,10.0,0.4,0.9,10.0,0,1,0,3,6,7,0,61.2,22.8,68.0,51.4,0
HS12NP,HS1 2NP,HS,100,0,100,0,0,0,0,21.2,32.9,7.1,79.9,7.7,14.8,58.8,0,1.2,6.4,0.4,20.0,0.4,1.0,14.6,0,0,0,3,7,7,0,52.3,8.4,8.4,115.1,0
HS12NQ,HS1 2NQ,HS,0,0,0,0,0,0,100,22.2,21.8,16.7,24.3,0,21.8,0,0,1.2,1.2,1.2,1.2,0,1.2,0,0,0,0,0,7,0,0,34.4,0,34.4,0,0
HS12NS,HS1 2NS,HS,100,0,100,0,0,0,0,31.4,29.7,8.1,54.9,8.1,8.1,44.0,0,10.0,10.0,10.0,10.0,0,0,10.0,0,0,0,2,0,3,0,54.8,7.9,7.9,86.1,0
HS12NW,HS1 2NW,HS,0,0,0,0,0,0,100,16.0,15.0,1.2,22.3,6.8,15.0,0,0,1.2,1.1,0.4,1.3,0.5,1.1,0,0,1,0,6,20,0,0,130.3,77.9,130.3,0,0
HS12NX,HS1 2NX,HS,100,0,100,0,0,0,0,17.6,22.6,2.9,54.9,6.8,15.0,45.2,0,4.8,5.7,0.8,19.2,0.8,2.8,11.5,0,0,1,3,11,5,0,96.2,71.2,65.4,151.7,0
HS12NY,HS1 2NY,HS,100,0,100,0,0,0,0,17.8,22.2,4.4,55.0,7.3,13.2,42.8,0,5.4,4.8,0.4,10.0,0.4,1.7,8.3,0,0,2,10,13,11,0,152.9,32.3,163.3,132.1,0
HS12NZ,HS1 2NZ,HS,100,0,100,0,0,0,0,16.6,24.9,8.1,63.2,8.1,12.8,49.0,0,6.0,5.7,0.8,13.8,0,2.1,10.4,0,0,0,3,5,4,0,54.2,33.2,33.4,95.9,0
HS12PA,HS1 2PA,HS,32,0,32,0,0,0,68,12.3,15.8,1.2,54.9,4.6,11.3,44.9,0,1.2,2.5,0.4,10.0,0.7,1.0,10.0,0,1,3,2,7,2,0,60.6,17.5,61.8,52.5,0
HS12PB,HS1 2PB,HS,67,0,67,0,0,0,33,15.8,23.5,7.3,54.9,7.3,13.0,54.9,0,1.2,4.0,0.8,10.0,0.8,1.0,10.0,0,0,0,1,2,1,0,207.5,20.3,264.4,93.7,0
HS12PG,HS1 2PG,HS,100,0,100,0,0,0,0,14.3,17.0,0.9,52.2,7.1,13.9,38.2,0,2.0,3.4,0.2,9.8,0.4,2.4,7.6,0,1,0,12,22,5,0,47.6,21.7,42.8,76.2,0
HS12PH,HS1 2PH,HS,100,0,100,0,0,0,0,12.7,21.0,4.5,45.7,7.9,10.4,42.0,0,7.5,5.2,0.7,9.4,0.7,1.1,8.3,0,0,1,6,3,5,0,102.6,70.2,66.1,184.7,0
HS12PJ,HS1 2PJ,HS,100,0,100,0,0,0,0,9.8,14.6,4.1,50.6,6.3,9.5,50.6,0,1.2,2.7,0.8,9.1,1.2,1.1,9.1,0,0,2,2,3,1,0,50.7,100.8,54.9,25.5,0
HS12PL,HS1 2PL,HS,100,0,100,0,0,0,0,16.0,27.1,8.1,59.6,8.1,12.1,57.3,0,5.0,5.3,1.2,10.0,0,1.2,9.4,0,0,0,2,2,2,0,26.7,5.1,9.6,60.8,0
HS12PP,HS1 2PP,HS,100,0,100,0,0,0,0,13.4,17.4,8.1,38.1,8.2,11.3,35.6,0,5.5,5.3,1.2,10.0,1.2,3.3,9.3,0,0,0,3,3,2,0,157.0,68.1,196.6,38.1,0
HS12PQ,HS1 2PQ,HS,100,0,100,0,0,0,0,13.7,16.0,0.6,46.0,6.3,9.6,38.5,0,1.2,2.8,0.4,9.2,0,1.0,5.6,0,1,0,3,3,2,0,12.0,3.0,7.9,22.3,0
HS12PR,HS1 2PR,HS,100,0,100,0,0,0,0,16.9,25.1,8.1,76.8,8.1,11.2,44.6,0,2.0,5.1,0.8,19.8,0,0.9,8.3,0,0,0,4,3,5,0,170.4,50.2,88.6,285.0,0
HS12PS,HS1 2PS,HS,100,0,100,0,0,0,0,16.5,26.6,5.1,76.8,7.2,11.5,48.0,0,1.7,6.0,0.4,20.0,0.7,1.1,11.0,0,0,0,8,9,12,0,114.1,42.9,34.0,223.2,0
HS12PT,HS1 2PT,HS,100,0,100,0,0,0,0,16.1,13.7,3.4,19.1,3.4,13.7,0,0,1.2,1.1,0.8,1.2,0,1.1,0,0,0,1,0,3,0,0,43.0,30.1,43.0,0,0
HS12PY,HS1 2PY,HS,88,0,88,0,0,0,13,48.2,39.8,9.5,54.9,9.5,14.2,50.1,0,8.4,6.6,1.1,10.0,1.1,1.2,8.7,0,0,0,1,1,5,0,96.5,10.2,5.2,133.1,0
HS12PZ,HS1 2PZ,HS,50,0,50,0,0,0,50,8.1,7.7,5.7,8.1,7.7,7.7,0,0,0.4,0.4,0.4,0.4,0.4,0.4,0,0,0,0,8,0,0,0,53.7,53.7,53.7,0,0
HS12QG,HS1 2QG,HS,0,0,0,0,0,0,100,15.4,15.7,6.8,24.4,7.8,15.7,0,0,1.1,1.2,1.1,1.3,0,1.2,0,0,0,0,4,4,0,0,38.1,9.8,38.1,0,0
HS12QH,HS1 2QH,HS,20,0,20,0,0,0,80,21.0,22.5,8.1,39.9,8.1,16.7,39.9,0,1.2,1.2,1.2,1.2,0,1.2,0,0,0,0,1,2,1,0,137.9,323.0,202.9,7.8,0
HS12QJ,HS1 2QJ,HS,73,0,73,0,0,0,27,22.9,29.0,0.9,55.0,3.0,13.5,50.6,0,1.2,4.0,0.4,10.0,0.4,1.0,9.3,0,1,0,1,5,5,0,47.9,23.5,20.1,86.8,0
HS12QN,HS1 2QN,HS,45,0,45,0,0,0,55,8.1,14.2,3.5,54.9,7.4,11.5,54.9,0,1.1,1.8,0.4,10.0,0.4,0.9,10.0,0,0,1,9,5,1,0,94.3,97.6,72.0,428.5,0
HS12QP,HS1 2QP,HS,100,0,100,0,0,0,0,8.1,22.1,6.7,79.9,7.6,7.6,79.9,0,0.4,0.4,0.4,0.4,0.4,0.4,0,0,0,0,4,0,1,0,41.2,43.4,43.4,34.9,0
HS12QQ,HS1 2QQ,HS,0,0,0,0,0,0,100,22.8,16.9,4.0,24.4,6.3,16.9,0,0,1.2,1.1,0.8,1.2,0,1.1,0,0,0,1,2,6,0,0,109.6,62.2,109.6,0,0
HS12QR,HS1 2QR,HS,100,0,100,0,0,0,0,8.1,21.4,3.3,66.6,6.5,6.5,45.3,0,5.2,6.9,0.4,20.0,0.7,0.7,13.1,0,0,1,7,0,5,0,76.5,54.4,54.4,112.0,0
HS12QS,HS1 2QS,HS,0,0,0,0,0,0,100,N/A,N/A,N/A,N/A,N/A,N/A,N/A,N/A,N/A,N/A,N/A,N/A,N/A,N/A,N/A,N/A,N/A,N/A,N/A,N/A,N/A,N/A,N/A,N/A,N/A,N/A,N/A
HS12QT,HS1 2QT,HS,83,0,83,0,0,0,17,8.1,11.9,8.1,23.9,8.1,11.9,0,0,1.2,1.0,0.6,1.3,0,1.0,0,0,0,0,5,3,0,0,20.8,18.9,20.8,0,0
HS12QY,HS1 2QY,HS,100,0,100,0,0,0,0,N/A,N/A,N/A,N/A,N/A,N/A,N/A,N/A,N/A,N/A,N/A,N/A,N/A,N/A,N/A,N/A,N/A,N/A,N/A,N/A,N/A,N/A,N/A,N/A,N/A,N/A,N/A
HS12QZ,HS1 2QZ,HS,100,0,100,0,0,0,0,40.0,37.7,7.7,79.8,8.3,8.7,57.1,0,10.0,9.2,0.4,20.0,0.8,0.7,12.4,0,0,0,5,1,9,0,115.7,36.8,31.3,172.0,0
HS12RA,HS1 2RA,HS,100,0,100,0,0,0,0,8.1,20.3,7.4,79.8,7.9,10.1,55.9,0,1.1,2.9,0.4,8.9,0.8,0.9,8.9,0,0,0,6,1,2,0,51.4,33.5,31.6,120.6,0
HS12RB,HS1 2RB,HS,100,0,100,0,0,0,0,8.1,21.3,4.0,79.8,7.6,9.0,66.5,0,1.2,1.2,1.2,1.2,0,1.2,0,0,0,1,9,1,3,0,21.7,12.1,15.9,43.0,0
HS12RD,HS1 2RD,HS,100,0,100,0,0,0,0,24.1,36.3,8.1,79.8,8.1,8.1,64.4,0,10.5,10.5,1.0,20.0,1.0,1.0,20.0,0,0,0,3,0,3,0,114.6,124.3,124.3,104.9,0
HS12RE,HS1 2RE,HS,100,0,100,0,0,0,0,18.1,30.2,6.1,79.8,7.4,13.3,66.9,0,1.2,3.8,0.4,19.1,0.4,1.0,13.0,0,0,0,5,8,6,0,76.9,13.9,41.3,154.0,0
HS12RF,HS1 2RF,HS,100,0,100,0,0,0,0,21.2,31.2,1.2,79.8,7.5,11.8,60.5,0,5.6,9.6,0.9,20.0,0.9,2.6,20.0,0,1,0,12,5,12,0,58.6,21.9,16.9,114.2,0
HS12RL,HS1 2RL,HS,100,0,100,0,0,0,0,N/A,N/A,N/A,N/A,N/A,N/A,N/A,N/A,N/A,N/A,N/A,N/A,N/A,N/A,N/A,N/A,N/A,N/A,N/A,N/A,N/A,N/A,N/A,N/A,N/A,N/A,N/A
HS12RN,HS1 2RN,HS,100,0,100,0,0,0,0,20.5,30.6,6.4,79.7,6.9,16.3,53.6,0,1.2,4.4,0.4,13.8,0.4,1.0,11.3,0,0,0,2,6,5,0,107.7,26.8,32.7,212.8,0
HS12RP,HS1 2RP,HS,100,0,100,0,0,0,0,28.8,32.3,7.4,66.7,7.8,12.3,52.2,0,1.6,5.6,0.4,18.9,0.4,0.9,10.3,0,0,0,2,2,4,0,81.8,92.2,68.2,91.9,0
HS12RR,HS1 2RR,HS,98,0,100,2,2,2,2,19.0,30.1,1.0,70.9,6.1,10.5,50.9,0,8.0,6.9,0.4,20.0,0.6,1.0,12.0,0,1,2,6,8,16,0,141.5,65.7,59.9,241.9,0
HS12RS,HS1 2RS,HS,100,0,100,0,0,0,0,21.5,22.0,5.0,40.0,6.6,6.6,37.5,0,4.6,4.6,0.4,8.8,0.4,0.4,8.8,0,0,0,2,0,2,0,23.4,12.5,12.5,34.3,0
HS12RT,HS1 2RT,HS,100,0,100,0,0,0,0,N/A,N/A,N/A,N/A,N/A,N/A,N/A,N/A,N/A,N/A,N/A,N/A,N/A,N/A,N/A,N/A,N/A,N/A,N/A,N/A,N/A,N/A,N/A,N/A,N/A,N/A,N/A
HS12RW,HS1 2RW,HS,100,0,100,0,0,0,0,18.0,27.6,3.6,79.7,6.9,11.8,56.1,0,1.2,4.4,0.4,10.0,0.8,1.0,8.9,0,0,1,5,3,5,0,50.7,50.2,35.9,77.2,0
HS12RX,HS1 2RX,HS,100,0,100,0,0,0,0,20.4,20.0,2.9,35.1,5.2,13.5,32.9,0,5.4,4.0,0.4,8.1,0.4,2.6,6.6,0,0,2,1,5,4,0,99.2,75.5,65.2,167.2,0
HS12RY,HS1 2RY,HS,100,0,100,0,0,0,0,31.0,27.2,1.2,50.7,5.6,11.3,40.4,0,7.5,5.6,0.4,9.0,0.4,1.3,8.2,0,1,0,2,2,6,0,63.4,6.9,87.6,38.1,0
HS12RZ,HS1 2RZ,HS,100,0,100,0,0,0,0,22.7,25.4,7.5,49.9,7.9,17.4,40.0,0,6.2,5.6,0.4,9.7,0.4,3.9,8.0,0,0,0,3,6,5,0,79.2,24.7,47.8,135.6,0
HS12SD,HS1 2SD,HS,100,0,100,0,0,0,0,8.1,25.4,3.4,80.0,7.4,9.4,61.9,0,1.2,5.8,0.8,20.0,1.2,1.1,20.0,0,0,1,11,4,7,0,98.2,15.9,17.3,248.3,0
HS12SE,HS1 2SE,HS,100,0,100,0,0,0,0,8.1,14.0,5.6,40.0,7.5,7.5,40.0,0,5.2,5.2,0.4,10.0,0.4,0.4,10.0,0,0,0,4,0,1,0,3.5,3.6,3.6,2.8,0
HS12SF,HS1 2SF,HS,100,0,100,0,0,0,0,N/A,N/A,N/A,N/A,N/A,N/A,N/A,N/A,N/A,N/A,N/A,N/A,N/A,N/A,N/A,N/A,N/A,N/A,N/A,N/A,N/A,N/A,N/A,N/A,N/A,N/A,N/A
HS12SG,HS1 2SG,HS,13,0,100,0,0,0,88,N/A,N/A,N/A,N/A,N/A,N/A,N/A,N/A,N/A,N/A,N/A,N/A,N/A,N/A,N/A,N/A,N/A,N/A,N/A,N/A,N/A,N/A,N/A,N/A,N/A,N/A,N/A
HS12SH,HS1 2SH,HS,100,0,100,0,0,0,0,15.9,31.1,2.6,79.8,6.8,11.1,63.1,0,1.2,7.4,0.4,20.0,0.6,1.0,15.7,0,0,2,6,8,10,0,94.5,43.6,82.4,110.2,0
HS12SL,HS1 2SL,HS,100,0,100,0,0,0,0,28.5,38.3,8.1,80.0,8.1,13.2,71.6,0,9.8,6.9,1.0,10.0,1.0,5.4,10.0,0,0,0,3,1,3,0,114.1,13.0,14.3,213.9,0
HS12SQ,HS1 2SQ,HS,97,0,97,0,0,0,3,19.3,37.3,2.0,79.9,6.4,13.8,62.4,0,1.2,5.9,0.4,20.0,0.6,0.9,13.9,0,1,1,3,12,16,0,125.9,98.7,91.2,158.3,0
HS12SS,HS1 2SS,HS,100,0,100,0,0,0,0,33.5,27.3,5.0,54.8,7.3,9.6,42.6,0,8.1,7.0,0.4,19.5,0.4,0.9,9.7,0,0,1,3,2,7,0,40.6,42.2,43.0,38.5,0
HS12ST,HS1 2ST,HS,0,0,100,0,0,0,100,N/A,N/A,N/A,N/A,N/A,N/A,N/A,N/A,N/A,N/A,N/A,N/A,N/A,N/A,N/A,N/A,N/A,N/A,N/A,N/A,N/A,N/A,N/A,N/A,N/A,N/A,N/A
HS12SU,HS1 2SU,HS,100,0,100,0,0,0,0,N/A,N/A,N/A,N/A,N/A,N/A,N/A,N/A,N/A,N/A,N/A,N/A,N/A,N/A,N/A,N/A,N/A,N/A,N/A,N/A,N/A,N/A,N/A,N/A,N/A,N/A,N/A
HS12SX,HS1 2SX,HS,100,0,100,0,0,0,0,14.4,20.9,8.1,51.4,8.6,12.0,43.2,0,1.2,3.2,0.4,10.0,1.2,1.0,10.0,0,0,0,2,3,2,0,29.4,39.1,19.0,55.5,0
HS12TA,HS1 2TA,HS,50,0,50,0,0,0,50,17.6,28.1,8.1,79.9,8.1,16.0,55.2,0,1.2,4.3,0.8,19.1,0,1.1,10.8,0,0,0,1,8,4,0,111.3,17.9,100.3,136.0,0
HS12TB,HS1 2TB,HS,100,0,100,0,0,0,0,36.5,38.4,6.2,79.7,6.2,13.7,63.2,0,5.6,5.6,1.2,10.0,0,1.2,10.0,0,0,0,1,2,3,0,51.4,0,99.0,19.8,0
HS12TD,HS1 2TD,HS,100,0,100,0,0,0,0,11.2,20.6,6.3,60.3,7.7,10.7,48.2,0,1.2,3.7,0.4,12.9,0.4,1.0,9.1,0,0,0,7,7,5,0,151.1,29.5,123.0,237.8,0
HS12TE,HS1 2TE,HS,100,0,100,0,0,0,0,20.2,25.7,8.0,54.9,8.0,17.2,51.0,0,1.2,3.4,0.8,14.7,0,1.1,14.7,0,0,0,1,5,2,0,90.7,12.3,66.1,164.4,0
HS12TF,HS1 2TF,HS,100,0,100,0,0,0,0,20.3,33.6,7.0,73.9,7.6,12.6,59.9,0,1.2,5.7,0.4,20.0,0.4,1.0,15.0,0,0,0,2,3,4,0,18.2,13.9,10.1,28.3,0
HS12TG,HS1 2TG,HS,100,0,100,0,0,0,0,16.3,29.9,8.0,79.1,8.0,13.5,79.1,0,1.1,5.7,0.4,20.0,0.4,0.9,20.0,0,0,0,1,2,1,0,88.4,64.1,41.3,230.0,0
HS12TJ,HS1 2TJ,HS,100,0,100,0,0,0,0,0,0,0,0,0,0,0,0,0,0,0,0,0,0,0,0,0,0,0,0,0,0,0,0,0,0,0
HS12TL,HS1 2TL,HS,100,0,100,0,0,0,0,19.2,18.3,7.4,35.0,7.8,15.0,35.0,0,3.5,4.6,1.2,10.0,0,2.8,10.0,0,0,0,2,3,1,0,66.3,16.8,58.3,98.3,0
HS12TN,HS1 2TN,HS,100,0,100,0,0,0,0,17.3,23.7,6.8,61.4,7.6,13.4,43.1,0,1.2,4.6,0.4,16.6,0.4,1.4,9.3,0,0,0,5,12,9,0,133.6,15.3,46.9,287.6,0
HS12TP,HS1 2TP,HS,100,0,100,0,0,0,0,7.6,18.8,1.4,50.4,5.8,7.6,46.8,0,1.0,3.7,0.4,10.0,0.6,0.8,8.0,0,1,0,3,1,2,0,122.3,98.3,87.5,192.0,0
HS12TQ,HS1 2TQ,HS,97,0,97,0,0,0,3,17.9,28.7,7.6,75.2,7.8,16.0,51.3,0,1.2,5.6,0.4,20.0,0.4,1.1,12.9,0,0,0,2,16,10,0,95.9,3.0,47.8,168.2,0
HS12TR,HS1 2TR,HS,100,0,100,0,0,0,0,15.3,25.4,2.1,66.9,6.3,9.2,51.2,0,4.6,5.0,0.4,10.0,0.4,0.8,9.1,0,0,1,4,3,5,0,66.6,15.6,29.0,119.1,0
HS12TS,HS1 2TS,HS,100,0,100,0,0,0,0,7.4,22.3,3.7,80.0,5.4,7.9,80.0,0,1.2,7.2,0.4,20.0,0.4,0.8,20.0,0,0,1,2,1,1,0,72.2,50.6,81.7,43.6,0
HS12TT,HS1 2TT,HS,100,0,100,0,0,0,0,44.0,43.6,8.1,78.4,8.1,11.2,76.1,0,10.6,10.6,1.2,20.0,0,1.2,20.0,0,0,0,1,1,2,0,40.3,10.6,5.3,75.3,0
HS12TU,HS1 2TU,HS,100,0,100,0,0,0,0,21.3,25.4,1.2,77.4,6.3,10.9,49.1,0,8.3,7.4,0.4,20.0,0.8,3.2,12.1,0,1,3,9,5,11,0,56.5,13.6,42.6,76.7,0
HS12TW,HS1 2TW,HS,100,0,100,0,0,0,0,10.4,15.0,5.2,43.2,6.4,9.9,35.5,0,1.0,2.3,0.4,8.8,0.6,0.8,7.7,0,0,0,7,5,3,0,69.9,35.3,53.8,118.3,0
HS12TX,HS1 2TX,HS,100,0,100,0,0,0,0,16.3,28.6,4.3,62.4,7.5,11.5,50.4,0,7.9,7.0,0.8,20.0,1.0,1.9,12.1,0,0,1,6,7,11,0,79.2,9.9,30.6,127.8,0
HS12TY,HS1 2TY,HS,90,0,100,0,0,0,10,10.9,15.1,2.7,32.9,6.4,10.7,32.7,0,2.9,4.0,0.4,8.5,0.9,3.2,6.3,0,0,1,6,5,3,0,69.1,19.3,72.5,79.2,0
HS12TZ,HS1 2TZ,HS,86,0,100,0,0,0,14,5.7,7.4,3.5,13.9,5.7,7.4,0,0,0.4,0.6,0.4,1.2,0.7,0.6,0,0,0,1,3,1,0,0,55.4,65.8,55.4,0,0
HS12UA,HS1 2UA,HS,100,0,100,0,0,0,0,11.8,11.6,8.1,14.8,8.1,11.6,0,0,2.8,3.6,1.1,6.7,0,3.6,0,0,0,0,1,3,0,0,39.0,113.7,39.0,0,0
HS12UB,HS1 2UB,HS,100,0,100,0,0,0,0,16.3,21.0,4.5,40.0,7.2,10.8,37.9,0,8.0,7.1,1.2,10.7,0,4.6,8.7,0,0,1,2,2,3,0,149.2,190.5,123.2,192.5,0
HS12UD,HS1 2UD,HS,100,0,100,0,0,0,0,N/A,N/A,N/A,N/A,N/A,N/A,N/A,N/A,N/A,N/A,N/A,N/A,N/A,N/A,N/A,N/A,N/A,N/A,N/A,N/A,N/A,N/A,N/A,N/A,N/A,N/A,N/A
HS12UE,HS1 2UE,HS,67,0,100,0,0,0,33,11.2,17.6,6.3,43.9,8.1,12.7,35.9,0,1.2,3.3,0.4,7.8,0.8,2.0,7.3,0,0,0,8,7,4,0,84.2,83.6,73.4,118.4,0
HS12UF,HS1 2UF,HS,100,0,100,0,0,0,0,16.7,23.5,4.5,64.9,7.5,11.1,44.0,0,7.1,5.7,0.4,16.5,0.4,3.3,7.8,0,0,1,6,3,6,0,88.9,11.6,67.2,125.2,0
HS12UG,HS1 2UG,HS,95,0,100,5,5,5,5,14.4,31.3,1.0,78.4,5.6,8.6,60.5,0,9.1,6.7,0.4,20.0,0.4,2.2,12.2,0,1,0,4,4,7,0,194.9,17.5,170.0,223.3,0
HS12UH,HS1 2UH,HS,95,0,100,0,0,0,5,10.3,18.2,4.5,44.5,6.5,10.5,41.2,0,4.5,4.7,0.4,9.2,1.0,3.1,8.6,0,0,2,4,3,3,0,96.3,55.9,85.0,130.5,0
HS12UJ,HS1 2UJ,HS,100,0,100,0,0,0,0,6.8,12.5,2.8,36.5,5.9,10.1,36.5,0,1.6,3.2,0.8,8.7,1.1,1.3,8.7,0,0,1,6,3,1,0,122.6,37.3,125.7,91.1,0
HS12UL,HS1 2UL,HS,76,0,100,0,0,0,24,24.4,22.5,5.1,39.1,6.6,19.4,36.5,0,7.0,5.7,1.2,8.5,0,5.1,7.7,0,0,0,2,7,2,0,65.7,8.5,71.8,53.3,0
HS12UN,HS1 2UN,HS,100,0,100,0,0,0,0,14.7,18.9,8.1,38.3,8.1,14.1,38.3,0,4.1,4.7,0.9,9.6,0,3.0,9.6,0,0,0,1,3,1,0,27.0,43.2,27.3,25.7,0
HS12UP,HS1 2UP,HS,69,0,100,0,0,0,31,21.1,20.0,4.1,35.0,6.8,11.6,32.7,0,4.9,4.9,0.4,9.3,0.5,2.7,7.0,0,0,1,3,2,4,0,115.1,97.7,101.0,154.4,0
HS12UQ,HS1 2UQ,HS,100,0,100,0,0,0,0,N/A,N/A,N/A,N/A,N/A,N/A,N/A,N/A,N/A,N/A,N/A,N/A,N/A,N/A,N/A,N/A,N/A,N/A,N/A,N/A,N/A,N/A,N/A,N/A,N/A,N/A,N/A
HS12UR,HS1 2UR,HS,24,0,100,0,0,2,76,8.1,13.6,2.6,37.0,6.4,11.1,34.6,0,1.2,2.9,0.4,8.3,0.6,2.2,6.7,0,0,6,20,16,5,0,81.4,40.5,66.9,194.2,0
HS12UT,HS1 2UT,HS,50,0,100,0,0,0,50,10.3,16.7,6.8,47.2,7.1,10.6,47.2,0,2.0,4.5,0.4,11.1,0.4,1.2,11.1,0,0,0,3,2,1,0,137.8,103.6,134.0,153.1,0
HS12UU,HS1 2UU,HS,0,0,100,0,0,0,100,14.8,15.7,7.2,28.0,7.2,15.7,0,0,2.9,3.5,0.4,7.3,0.4,3.5,0,0,0,0,1,11,0,0,89.3,244.3,89.3,0,0
HS12UX,HS1 2UX,HS,8,0,98,2,2,2,92,8.6,12.7,4.8,32.4,7.5,12.1,32.4,0,1.2,2.2,0.4,7.2,0.8,2.0,7.2,0,0,1,20,14,1,0,110.7,67.2,109.6,146.7,0
HS12UY,HS1 2UY,HS,100,0,100,0,0,0,0,39.9,37.7,8.1,74.1,8.1,12.9,58.4,0,1.3,7.3,0.4,20.0,0.4,1.1,15.0,0,0,0,1,4,6,0,137.1,21.1,110.5,159.3,0
HS12UZ,HS1 2UZ,HS,6,0,100,0,0,0,94,16.6,18.5,0.4,46.8,5.1,14.4,46.8,0,5.5,4.4,0.4,8.4,0.4,3.4,8.4,0,1,0,3,3,1,0,129.8,85.6,117.3,204.4,0
HS12XA,HS1 2XA,HS,0,0,0,0,0,0,100,21.1,22.3,8.1,54.9,8.1,18.2,51.3,0,1.2,2.5,0.4,10.0,0.4,1.1,10.0,0,0,0,3,11,2,0,148.1,5.4,76.8,611.4,0
HS12XB,HS1 2XB,HS,0,0,0,0,0,0,100,N/A,N/A,N/A,N/A,N/A,N/A,N/A,N/A,N/A,N/A,N/A,N/A,N/A,N/A,N/A,N/A,N/A,N/A,N/A,N/A,N/A,N/A,N/A,N/A,N/A,N/A,N/A
HS12XD,HS1 2XD,HS,0,0,0,0,0,0,100,7.8,8.6,0.9,24.4,5.5,8.6,0,0,0.8,0.8,0.4,1.2,0.4,0.8,0,0,1,1,3,1,0,0,32.0,24.9,32.0,0,0
HS12XF,HS1 2XF,HS,0,0,0,0,0,0,100,8.9,13.9,4.5,24.4,7.8,13.9,0,0,1.2,1.1,0.4,1.3,0.8,1.1,0,0,0,1,5,4,0,0,32.1,17.9,32.1,0,0
HS12XG,HS1 2XG,HS,0,0,0,0,0,0,100,N/A,N/A,N/A,N/A,N/A,N/A,N/A,N/A,N/A,N/A,N/A,N/A,N/A,N/A,N/A,N/A,N/A,N/A,N/A,N/A,N/A,N/A,N/A,N/A,N/A,N/A,N/A
HS12XJ,HS1 2XJ,HS,0,0,0,0,0,0,100,N/A,N/A,N/A,N/A,N/A,N/A,N/A,N/A,N/A,N/A,N/A,N/A,N/A,N/A,N/A,N/A,N/A,N/A,N/A,N/A,N/A,N/A,N/A,N/A,N/A,N/A,N/A
HS12XN,HS1 2XN,HS,0,0,0,0,0,0,100,20.6,20.7,17.3,24.4,0,20.7,0,0,1.2,1.2,1.2,1.3,0,1.2,0,0,0,0,0,4,0,0,55.0,0,55.0,0,0
HS12XP,HS1 2XP,HS,0,0,0,0,0,0,100,8.1,10.6,7.4,21.2,7.9,10.6,0,0,1.2,1.2,1.2,1.2,0,1.2,0,0,0,0,4,1,0,0,83.2,27.2,83.2,0,0
HS12XQ,HS1 2XQ,HS,0,0,0,0,0,0,100,19.1,15.0,4.8,24.1,7.0,15.0,0,0,1.2,1.0,0.4,1.2,0.4,1.0,0,0,0,1,2,4,0,0,24.0,28.5,24.0,0,0
HS12XS,HS1 2XS,HS,0,0,0,0,0,0,100,N/A,N/A,N/A,N/A,N/A,N/A,N/A,N/A,N/A,N/A,N/A,N/A,N/A,N/A,N/A,N/A,N/A,N/A,N/A,N/A,N/A,N/A,N/A,N/A,N/A,N/A,N/A
HS12XT,HS1 2XT,HS,0,0,0,0,0,0,0,N/A,N/A,N/A,N/A,N/A,N/A,N/A,N/A,N/A,N/A,N/A,N/A,N/A,N/A,N/A,N/A,N/A,N/A,N/A,N/A,N/A,N/A,N/A,N/A,N/A,N/A,N/A
HS12XX,HS1 2XX,HS,0,0,0,0,0,0,100,N/A,N/A,N/A,N/A,N/A,N/A,N/A,N/A,N/A,N/A,N/A,N/A,N/A,N/A,N/A,N/A,N/A,N/A,N/A,N/A,N/A,N/A,N/A,N/A,N/A,N/A,N/A
HS12XY,HS1 2XY,HS,0,0,0,0,0,0,100,N/A,N/A,N/A,N/A,N/A,N/A,N/A,N/A,N/A,N/A,N/A,N/A,N/A,N/A,N/A,N/A,N/A,N/A,N/A,N/A,N/A,N/A,N/A,N/A,N/A,N/A,N/A
HS12YA,HS1 2YA,HS,100,0,100,0,0,0,0,40.0,30.6,4.2,60.9,6.6,6.6,51.1,0,10.0,10.1,1.0,20.0,1.0,1.0,11.7,0,0,1,5,0,7,0,138.8,83.6,83.6,188.9,0
HS12YB,HS1 2YB,HS,100,0,100,0,0,0,0,N/A,N/A,N/A,N/A,N/A,N/A,N/A,N/A,N/A,N/A,N/A,N/A,N/A,N/A,N/A,N/A,N/A,N/A,N/A,N/A,N/A,N/A,N/A,N/A,N/A,N/A,N/A
HS12YD,HS1 2YD,HS,100,0,100,0,0,0,0,8.1,18.1,3.4,54.9,7.2,7.5,43.7,0,1.2,3.6,0.4,10.0,0.9,0.9,7.6,0,0,2,9,1,5,0,78.4,77.8,71.5,109.5,0
HS12YE,HS1 2YE,HS,100,0,100,0,0,0,0,9.7,20.8,2.2,52.8,7.0,7.7,47.1,0,0.9,4.7,0.6,12.7,0.8,0.8,12.5,0,0,1,4,1,3,0,194.9,120.7,105.5,373.8,0
HS12YF,HS1 2YF,HS,100,0,100,0,0,0,0,8.7,18.5,1.8,67.6,7.0,8.8,52.3,0,1.2,5.0,0.4,19.0,0.6,0.9,12.2,0,1,1,8,4,4,0,139.8,80.4,129.4,165.9,0
HS12YG,HS1 2YG,HS,100,0,100,0,0,0,0,8.1,11.8,6.0,40.0,7.5,8.7,40.0,0,1.2,1.1,0.8,1.2,1.2,1.1,0,0,0,0,7,2,1,0,54.2,52.6,49.7,90.5,0
HS12YH,HS1 2YH,HS,100,0,100,0,0,0,0,16.4,31.0,7.8,73.8,8.5,12.1,55.2,0,1.2,5.9,0.4,20.0,0.6,0.9,11.7,0,0,0,3,6,7,0,148.2,120.2,116.2,189.3,0
HS12YJ,HS1 2YJ,HS,100,0,100,0,0,0,0,9.2,19.8,1.2,54.9,7.3,7.6,47.2,0,1.1,3.5,0.4,10.0,0.7,0.8,8.7,0,1,0,7,1,4,0,172.4,148.8,178.4,160.2,0
HS12YL,HS1 2YL,HS,100,0,100,0,0,0,0,11.8,17.3,6.2,54.9,7.8,10.2,45.8,0,1.0,4.4,0.8,12.7,0.8,0.9,11.4,0,0,0,4,4,2,0,118.9,62.3,49.1,328.2,0
HS12YN,HS1 2YN,HS,95,0,100,0,0,0,5,12.1,21.8,1.7,52.8,6.4,7.5,40.1,0,9.7,7.1,0.4,10.1,0.7,0.9,9.8,0,1,1,6,1,7,0,171.3,63.7,58.9,299.7,0
HS12YP,HS1 2YP,HS,100,0,100,0,0,0,0,15.3,25.4,7.4,69.6,7.9,10.9,50.9,0,0.8,5.5,0.4,20.0,0.4,0.7,15.0,0,0,0,4,3,4,0,138.4,105.8,114.2,180.8,0
HS12YR,HS1 2YR,HS,100,0,100,0,0,0,0,8.7,27.7,2.8,79.7,7.4,7.4,63.3,0,5.5,7.1,0.8,19.8,0.9,0.9,13.3,0,0,1,6,0,4,0,151.8,62.3,62.3,308.3,0
HS12YS,HS1 2YS,HS,100,0,100,0,0,0,0,11.9,30.0,4.5,79.9,6.4,7.6,58.8,0,1.1,6.6,0.4,20.0,0.7,0.7,13.3,0,0,2,5,2,7,0,112.8,60.8,47.8,196.5,0
HS12YT,HS1 2YT,HS,100,0,100,0,0,0,0,9.2,17.2,4.5,54.9,7.5,9.6,54.9,0,1.2,2.7,0.4,10.0,0.8,0.9,10.0,0,0,1,8,6,3,0,45.3,71.1,53.9,10.8,0
HS12YU,HS1 2YU,HS,100,0,100,0,0,0,0,11.2,19.3,0.2,77.9,6.5,9.4,49.3,0,1.5,5.2,0.4,20.0,0.4,1.0,13.6,0,1,0,5,3,3,0,102.0,40.1,64.0,190.9,0
HS12YW,HS1 2YW,HS,100,0,100,0,0,0,0,42.1,34.0,5.7,54.9,5.7,9.1,46.4,0,9.5,7.5,1.2,10.0,0,1.2,9.6,0,0,0,1,1,4,0,119.5,201.7,112.7,122.8,0
HS20AA,HS2 0AA,HS,6,0,100,0,4,17,94,6.6,8.5,2.1,35.0,5.8,7.9,35.0,0,0.8,0.8,0.4,1.2,0.7,0.8,0,0,0,10,21,10,1,0,70.0,46.8,66.6,207.2,0
HS20AB,HS2 0AB,HS,0,0,0,0,0,100,100,N/A,N/A,N/A,N/A,N/A,N/A,N/A,N/A,N/A,N/A,N/A,N/A,N/A,N/A,N/A,N/A,N/A,N/A,N/A,N/A,N/A,N/A,N/A,N/A,N/A,N/A,N/A
HS20AD,HS2 0AD,HS,70,0,100,0,0,2,30,7.0,17.7,1.2,72.2,6.0,6.2,52.2,0,1.1,5.7,0.4,20.0,1.0,1.0,14.8,0,1,6,22,1,10,0,86.3,55.7,54.8,174.5,0
HS20AE,HS2 0AE,HS,75,0,94,4,4,6,25,12.3,21.6,1.0,73.7,5.6,10.0,46.5,0,5.5,5.4,0.4,20.0,0.6,2.3,9.5,0,1,6,12,9,13,0,70.8,27.1,40.8,126.2,0
HS20AG,HS2 0AG,HS,100,0,100,0,0,0,0,8.1,23.0,2.6,79.9,6.2,7.5,50.2,0,6.8,6.1,0.4,20.0,0.5,1.3,11.5,0,0,4,14,3,12,0,75.5,35.6,46.5,123.8,0
HS20AL,HS2 0AL,HS,100,0,100,0,0,0,0,6.8,14.8,4.0,49.0,5.6,7.0,38.3,0,0.4,3.3,0.4,7.6,0.4,1.5,6.9,0,0,4,4,1,3,0,64.8,40.1,38.7,143.0,0
HS20AN,HS2 0AN,HS,25,0,100,0,0,0,75,22.7,22.6,6.3,40.0,7.0,16.0,38.0,0,5.2,4.4,0.4,8.0,0.4,2.7,7.7,0,0,0,3,4,3,0,29.4,17.1,11.4,71.2,0
HS20AP,HS2 0AP,HS,100,0,100,0,0,0,0,N/A,N/A,N/A,N/A,N/A,N/A,N/A,N/A,N/A,N/A,N/A,N/A,N/A,N/A,N/A,N/A,N/A,N/A,N/A,N/A,N/A,N/A,N/A,N/A,N/A,N/A,N/A
HS20AQ,HS2 0AQ,HS,33,0,67,0,33,33,67,N/A,N/A,N/A,N/A,N/A,N/A,N/A,N/A,N/A,N/A,N/A,N/A,N/A,N/A,N/A,N/A,N/A,N/A,N/A,N/A,N/A,N/A,N/A,N/A,N/A,N/A,N/A
HS20AR,HS2 0AR,HS,38,0,100,0,0,0,63,7.5,13.3,3.2,34.4,6.7,11.4,34.4,0,2.8,3.9,0.4,8.5,1.0,3.4,8.5,0,0,2,6,3,1,0,169.8,147.6,131.3,498.3,0
HS20AS,HS2 0AS,HS,0,0,100,0,0,0,100,11.9,12.6,0.9,35.7,5.6,10.0,35.7,0,2.0,2.9,0.3,7.3,0.3,2.2,7.3,0,1,0,3,5,1,0,59.7,49.4,66.9,2.1,0
HS20AT,HS2 0AT,HS,48,0,100,0,0,0,52,5.1,7.9,0.4,55.0,5.0,5.0,55.0,0,0.4,0.6,0.4,1.0,0.6,0.6,0,0,1,7,8,0,1,0,105.7,111.1,111.1,0.4,0
HS20AU,HS2 0AU,HS,79,0,100,0,0,11,21,4.7,7.2,0.2,41.1,4.1,5.2,41.1,0,0.8,1.8,0.4,8.7,0.8,1.1,8.7,0,3,7,5,2,1,0,56.2,32.1,47.8,190.7,0
HS20AW,HS2 0AW,HS,0,0,100,0,0,0,100,16.4,15.7,2.0,35.5,6.8,13.9,33.0,0,6.1,4.7,0.4,7.9,0.6,4.3,7.8,0,0,2,8,10,2,0,109.8,67.7,104.0,162.0,0
HS20AX,HS2 0AX,HS,100,0,100,0,0,0,0,N/A,N/A,N/A,N/A,N/A,N/A,N/A,N/A,N/A,N/A,N/A,N/A,N/A,N/A,N/A,N/A,N/A,N/A,N/A,N/A,N/A,N/A,N/A,N/A,N/A,N/A,N/A
HS20AY,HS2 0AY,HS,71,0,100,0,0,24,29,6.9,8.4,2.1,18.3,5.5,8.4,0,0,1.9,2.0,0.4,4.5,1.0,2.0,0,0,0,3,5,3,0,0,41.2,18.9,44.4,0,0
HS20AZ,HS2 0AZ,HS,81,0,88,0,6,19,19,3.6,7.2,2.7,34.9,3.6,3.6,32.5,0,0.9,1.1,0.4,4.1,0.7,0.7,2.7,0,0,14,0,0,2,0,114.4,95.5,95.5,228.3,0
HS20BA,HS2 0BA,HS,100,0,100,0,0,0,0,31.0,25.7,1.9,47.3,6.0,9.4,38.2,0,7.9,5.8,0.4,9.6,0.8,1.7,8.6,0,1,0,6,3,13,0,130.5,108.9,113.6,143.5,0
HS20BB,HS2 0BB,HS,0,0,83,37,90,100,100,2.0,1.8,0.2,3.7,1.8,1.8,0,0,0.4,0.4,0.3,0.4,0.4,0.4,0,0,16,20,0,0,0,0,48.2,48.2,48.2,0,0
HS20BD,HS2 0BD,HS,0,0,100,0,100,100,100,1.9,1.8,1.2,2.3,1.8,1.8,0,0,0.4,0.4,0.4,0.4,0.4,0.4,0,0,2,2,0,0,0,0,52.4,52.4,52.4,0,0
HS20BE,HS2 0BE,HS,100,0,100,0,0,0,0,0,0,0,0,0,0,0,0,0,0,0,0,0,0,0,0,0,0,0,0,0,0,0,0,0,0,0
HS20BG,HS2 0BG,HS,0,0,83,38,100,100,100,1.4,1.6,0.2,2.8,1.6,1.6,0,0,0.4,0.5,0.2,0.7,0.5,0.5,0,0,22,9,0,0,0,0,28.3,28.3,28.3,0,0
HS20BN,HS2 0BN,HS,0,0,40,80,100,100,100,1.6,2.0,0.3,8.1,2.0,2.0,0,0,0.4,0.5,0.4,0.8,0.5,0.5,0,0,14,6,1,0,0,0,17.2,17.2,17.2,0,0
HS20BP,HS2 0BP,HS,50,0,91,24,29,29,50,1.3,2.1,0.2,25.4,1.5,2.1,0,0,0.4,0.6,0.3,3.4,0.5,0.6,0,0,29,7,0,1,0,0,49.7,36.3,49.7,0,0
HS20BQ,HS2 0BQ,HS,0,0,100,19,100,100,100,2.2,2.7,0.5,5.2,2.7,2.7,0,0,0.4,0.5,0.4,0.9,0.5,0.5,0,0,6,8,2,0,0,0,70.5,70.5,70.5,0,0
HS20BR,HS2 0BR,HS,80,0,100,0,0,0,20,6.9,11.9,4.5,33.3,6.5,6.5,33.3,0,0.4,3.0,0.4,8.1,0.4,0.4,8.1,0,0,1,3,0,1,0,48.8,55.2,55.2,22.9,0
HS20BS,HS2 0BS,HS,50,0,92,0,50,50,50,5.5,18.6,3.8,40.0,4.4,4.4,40.0,0,1.1,3.8,0.4,10.0,0.8,0.8,10.0,0,0,2,1,0,2,0,139.3,28.7,28.7,305.2,0
HS20BT,HS2 0BT,HS,10,0,100,0,0,0,90,8.9,19.2,3.5,54.9,6.9,11.8,41.4,0,3.7,4.4,0.4,10.0,0.6,2.8,9.3,0,0,3,10,5,6,0,81.4,38.1,59.9,146.2,0
HS20BW,HS2 0BW,HS,41,0,97,9,38,42,59,3.3,5.8,0.9,55.0,3.5,4.7,45.5,0,0.9,1.2,0.3,10.0,0.8,1.0,8.5,0,14,46,12,6,2,0,53.8,43.8,48.7,249.0,0
HS20DB,HS2 0DB,HS,0,0,100,0,0,0,100,5.8,9.1,2.1,29.8,4.9,9.1,0,0,1.1,3.1,0.4,9.6,0.9,3.1,0,0,0,3,2,1,0,0,170.4,88.7,170.4,0,0
HS20DD,HS2 0DD,HS,63,0,100,0,0,0,37,8.1,18.0,5.1,51.4,7.2,11.4,39.3,0,6.4,5.0,0.4,10.0,0.7,3.3,8.4,0,0,0,10,3,4,0,93.6,64.5,63.7,190.9,0
HS20DE,HS2 0DE,HS,22,0,100,0,0,11,78,11.2,14.7,1.5,35.0,5.1,10.7,35.0,0,4.5,4.0,0.4,6.9,0.4,4.0,0,0,1,0,2,2,1,0,153.8,17.1,58.4,630.7,0
HS20DF,HS2 0DF,HS,14,0,100,0,0,0,86,8.1,12.6,2.8,40.0,5.3,9.7,39.9,0,1.2,1.7,0.4,4.3,0.7,1.7,0,0,0,5,6,8,2,0,50.9,18.6,50.5,76.4,0
HS20DG,HS2 0DG,HS,0,0,100,0,0,0,100,6.8,9.3,4.5,23.2,6.4,9.3,0,0,1.1,2.0,0.4,5.7,0.5,2.0,0,0,0,1,9,5,0,0,82.0,67.5,82.0,0,0
HS20DH,HS2 0DH,HS,33,0,100,0,0,33,67,6.0,5.0,1.4,7.1,5.0,5.0,0,0,0.4,0.7,0.4,1.1,0.7,0.7,0,0,1,2,5,0,0,0,92.6,92.6,92.6,0,0
HS20DJ,HS2 0DJ,HS,25,0,100,0,0,13,75,16.9,18.2,8.7,28.7,8.7,18.2,0,0,1.6,3.0,1.1,7.9,1.1,3.0,0,0,0,0,1,5,0,0,51.3,72.9,51.3,0,0
HS20DL,HS2 0DL,HS,23,0,100,0,4,4,77,7.9,11.9,0.2,37.0,5.2,10.4,37.0,0,1.5,2.9,0.4,7.0,0.6,2.6,7.0,0,3,1,8,5,1,0,198.9,204.1,204.9,139.1,0
HS20DN,HS2 0DN,HS,25,0,98,0,2,25,75,6.8,12.7,1.7,51.7,5.1,7.6,39.1,0,1.0,2.5,0.4,10.0,0.6,1.4,7.8,0,1,13,13,9,7,0,108.8,70.1,115.6,76.9,0
HS20DP,HS2 0DP,HS,87,0,100,0,0,0,13,22.2,21.9,0.4,53.2,4.6,12.5,38.0,0,7.1,6.2,0.4,12.7,0.5,3.6,9.6,0,1,4,4,8,10,0,138.5,35.8,133.8,146.0,0
HS20DR,HS2 0DR,HS,100,0,100,0,0,0,0,35.9,33.4,2.8,79.9,4.5,4.5,52.7,0,9.7,9.3,0.4,20.0,0.4,0.4,13.8,0,0,3,1,0,6,0,97.4,43.8,43.8,133.1,0
HS20DS,HS2 0DS,HS,89,0,100,7,11,11,11,6.8,17.8,1.6,54.9,5.0,10.0,52.0,0,1.0,4.6,0.4,17.3,0.5,2.5,12.5,0,1,7,8,6,5,0,95.9,20.5,78.4,172.6,0
HS20DT,HS2 0DT,HS,83,0,100,0,0,17,17,13.8,25.3,1.8,77.6,5.8,8.1,49.5,0,7.9,8.7,0.4,20.0,0.8,3.2,12.9,0,1,3,8,2,10,0,173.8,84.8,101.7,231.5,0
HS20DU,HS2 0DU,HS,3,0,100,0,24,31,97,4.2,7.1,0.8,23.1,4.0,7.1,0,0,0.4,1.5,0.2,6.9,0.6,1.5,0,0,2,11,4,5,0,0,76.8,49.2,79.6,0,0
HS20DW,HS2 0DW,HS,3,0,100,3,20,34,97,5.1,8.5,1.1,24.0,3.8,8.5,0,0,1.1,1.3,0.4,9.1,0.7,1.3,0,0,4,13,5,13,0,0,118.5,50.8,118.5,0,0
HS20DX,HS2 0DX,HS,17,0,100,0,0,0,83,9.2,21.8,8.0,40.0,8.4,8.4,39.8,0,5.3,5.3,0.8,9.8,0.8,0.8,6.8,0,0,0,4,0,3,0,139.7,103.2,103.2,188.5,0
HS20DY,HS2 0DY,HS,84,0,100,5,5,5,16,39.9,32.4,1.0,80.0,5.1,5.1,57.4,0,10.0,7.6,0.4,20.0,0.8,0.8,13.0,0,1,3,7,0,12,0,98.2,48.3,48.3,139.8,0
HS20DZ,HS2 0DZ,HS,64,0,100,0,0,0,36,8.1,17.5,1.2,72.2,5.5,8.7,44.8,0,1.6,4.7,0.4,20.0,0.7,2.1,10.9,0,1,10,14,9,11,0,127.8,24.3,72.4,283.7,0
HS20EA,HS2 0EA,HS,27,0,100,0,0,0,73,11.4,12.7,1.6,39.1,4.4,11.7,35.7,0,2.0,2.6,0.4,9.0,0.5,2.2,8.2,0,2,12,10,24,2,0,117.1,44.2,117.8,95.8,0
HS20EB,HS2 0EB,HS,84,0,100,0,0,0,16,29.8,26.2,3.4,54.9,5.3,7.1,45.3,0,3.3,4.8,0.4,10.0,0.8,1.7,10.0,0,0,3,4,1,8,0,132.5,52.3,50.0,231.3,0
HS20ED,HS2 0ED,HS,9,0,100,2,28,28,91,3.4,5.9,0.8,40.0,3.4,5.5,40.0,0,0.4,0.8,0.3,2.3,0.7,0.8,0,0,13,38,8,11,1,0,61.9,54.4,62.1,53.2,0
HS20EE,HS2 0EE,HS,0,0,0,50,50,100,100,N/A,N/A,N/A,N/A,N/A,N/A,N/A,N/A,N/A,N/A,N/A,N/A,N/A,N/A,N/A,N/A,N/A,N/A,N/A,N/A,N/A,N/A,N/A,N/A,N/A,N/A,N/A
HS20EF,HS2 0EF,HS,0,0,85,9,94,100,100,2.7,3.3,0.5,20.6,2.5,3.3,0,0,0.4,0.5,0.3,1.1,0.5,0.5,0,0,5,17,0,1,0,0,100.5,97.9,98.8,0,0
HS20EG,HS2 0EG,HS,100,0,100,0,0,0,0,N/A,N/A,N/A,N/A,N/A,N/A,N/A,N/A,N/A,N/A,N/A,N/A,N/A,N/A,N/A,N/A,N/A,N/A,N/A,N/A,N/A,N/A,N/A,N/A,N/A,N/A,N/A
HS20EH,HS2 0EH,HS,0,0,100,0,0,0,100,9.0,16.7,1.7,46.9,7.3,8.1,40.8,0,0.8,2.4,0.4,8.9,0.8,0.8,7.9,0,1,0,10,3,5,0,173.5,122.3,118.1,311.6,0
HS20EJ,HS2 0EJ,HS,0,0,0,0,0,100,100,5.1,6.2,2.4,55.0,4.8,5.1,55.0,0,0.4,1.1,0.4,10.0,0.6,0.8,10.0,0,0,21,21,1,1,0,95.5,96.7,94.6,134.0,0
HS20EL,HS2 0EL,HS,0,0,100,0,0,0,100,0,0,0,0,0,0,0,0,0,0,0,0,0,0,0,0,0,0,0,0,0,0,0,0,0,0,0
HS20EP,HS2 0EP,HS,0,0,0,0,25,100,100,4.5,4.3,2.6,5.1,4.3,4.3,0,0,0.4,0.7,0.4,1.2,0.7,0.7,0,0,0,5,1,0,0,0,110.9,110.9,110.9,0,0
HS20EQ,HS2 0EQ,HS,0,0,0,0,0,0,0,35.0,24.8,3.6,45.1,6.1,6.1,38.7,0,7.7,6.9,0.4,9.6,0.4,0.4,8.6,0,0,1,2,0,4,0,138.2,90.8,90.8,173.8,0
HS20ER,HS2 0ER,HS,0,0,0,0,25,100,100,5.8,5.8,3.7,8.0,5.8,5.8,0,0,1.1,0.9,0.4,1.2,0.9,0.9,0,0,0,2,7,0,0,0,115.1,115.1,115.1,0,0
HS20ES,HS2 0ES,HS,0,0,0,0,17,100,100,6.1,6.1,1.3,8.9,6.1,6.1,0,0,1.2,0.9,0.4,1.2,0.9,0.9,0,0,1,1,14,0,0,0,45.3,45.3,45.3,0,0
HS20EU,HS2 0EU,HS,0,0,0,7,70,100,100,4.6,4.6,1.4,7.7,4.6,4.6,0,0,1.0,0.8,0.3,1.2,0.8,0.8,0,0,1,14,11,0,0,0,55.7,55.7,55.7,0,0
HS20EW,HS2 0EW,HS,33,0,35,2,11,67,67,5.2,9.9,1.4,80.0,5.0,5.1,58.6,0,1.1,1.6,0.4,20.0,0.9,0.9,15.0,0,4,17,19,1,4,0,80.3,62.2,66.7,231.1,0
HS20EX,HS2 0EX,HS,0,0,0,0,53,100,100,4.5,4.5,2.2,7.6,4.5,4.5,0,0,0.4,0.7,0.4,1.2,0.7,0.7,0,0,0,16,10,0,0,0,60.9,60.9,60.9,0,0
HS20EY,HS2 0EY,HS,0,0,0,0,0,100,100,0,0,0,0,0,0,0,0,0,0,0,0,0,0,0,0,0,0,0,0,0,0,0,0,0,0,0
HS20EZ,HS2 0EZ,HS,0,0,0,0,88,100,100,2.7,2.7,0.8,5.5,2.7,2.7,0,0,0.4,0.6,0.4,1.1,0.6,0.6,0,0,7,6,2,0,0,0,34.8,34.8,34.8,0,0
HS20FS,HS2 0FS,HS,100,0,100,0,0,0,0,6.2,13.2,1.2,39.9,5.6,5.6,39.9,0,0.4,0.4,0.4,0.4,0.4,0.4,0,0,1,0,6,0,2,0,37.7,19.3,19.3,101.8,0
HS20GS,HS2 0GS,HS,100,0,100,0,0,0,0,8.1,7.8,5.1,8.1,7.8,7.8,0,0,0.8,0.8,0.8,0.8,0.8,0.8,0,0,0,0,12,0,0,0,150.7,150.7,150.7,0,0
HS20GT,HS2 0GT,HS,100,0,100,0,0,0,0,8.5,24.3,6.2,76.5,7.8,8.1,50.3,0,0.8,4.2,0.4,20.0,0.6,0.7,15.0,0,0,0,7,1,5,0,110.2,94.4,86.2,148.5,0
HS20HA,HS2 0HA,HS,0,0,0,26,95,100,100,2.6,2.4,0.2,4.6,2.4,2.4,0,0,0.4,0.6,0.4,1.1,0.6,0.6,0,0,11,17,0,0,0,0,42.0,42.0,42.0,0,0
HS20HB,HS2 0HB,HS,0,0,0,100,100,100,100,N/A,N/A,N/A,N/A,N/A,N/A,N/A,N/A,N/A,N/A,N/A,N/A,N/A,N/A,N/A,N/A,N/A,N/A,N/A,N/A,N/A,N/A,N/A,N/A,N/A,N/A,N/A
HS20HD,HS2 0HD,HS,0,0,0,64,100,100,100,2.1,2.0,0.5,3.5,2.0,2.0,0,0,0.4,0.5,0.3,1.0,0.5,0.5,0,0,10,15,0,0,0,0,30.1,30.1,30.1,0,0
HS20HE,HS2 0HE,HS,0,0,0,43,100,100,100,3.1,3.1,0.6,6.5,3.1,3.1,0,0,0.4,0.6,0.2,1.1,0.6,0.6,0,0,10,20,4,0,0,0,52.0,52.4,52.4,0,0
HS20HF,HS2 0HF,HS,50,0,100,0,0,0,50,0,0,0,0,0,0,0,0,0,0,0,0,0,0,0,0,0,0,0,0,0,0,0,0,0,0,0
HS20HJ,HS2 0HJ,HS,94,0,100,0,0,0,6,51.1,37.8,0.9,55.7,1.4,1.4,49.9,0,10.0,9.1,0.6,13.1,0.6,0.6,10.1,0,2,1,0,0,9,0,132.9,22.8,22.8,169.6,0
HS20HL,HS2 0HL,HS,100,0,100,0,0,0,0,40.5,35.9,7.6,54.9,7.6,16.9,54.9,0,10.0,8.3,3.2,10.0,3.2,6.6,10.0,0,0,0,1,1,2,0,66.9,129.8,115.5,50.3,0
HS20HP,HS2 0HP,HS,100,0,100,0,0,0,0,12.4,15.7,0.2,40.0,1.3,8.9,36.2,0,2.0,2.5,0.4,6.6,0.4,1.8,4.3,0,2,2,0,2,2,0,30.4,5.7,9.2,83.5,0
HS20HR,HS2 0HR,HS,25,0,100,0,0,0,75,0,0,0,0,0,0,0,0,0,0,0,0,0,0,0,0,0,0,0,0,0,0,0,0,0,0,0
HS20HS,HS2 0HS,HS,82,0,100,0,3,3,18,36.9,28.2,0.3,79.9,1.1,3.5,44.6,0,8.8,6.7,0.4,15.5,0.5,1.4,9.0,0,11,1,0,2,21,0,70.7,17.6,35.4,92.6,0
HS20HT,HS2 0HT,HS,29,0,100,1,2,12,71,16.7,14.9,0.3,61.3,3.1,13.0,48.0,0,1.2,2.1,0.1,16.9,0.7,1.4,10.6,0,18,1,7,45,4,0,94.7,50.9,97.9,55.5,0
HS20HU,HS2 0HU,HS,53,0,100,0,0,0,47,16.5,15.6,0.7,32.4,1.3,14.8,32.4,0,1.5,2.3,0.2,6.0,0.4,2.1,5.6,0,4,1,0,17,1,0,106.5,9.1,110.0,33.1,0
HS20HW,HS2 0HW,HS,50,0,100,0,0,0,50,27.7,26.3,1.1,46.8,1.4,11.5,41.1,0,8.8,7.9,5.3,9.3,0,5.3,8.6,0,2,0,0,2,4,0,145.1,3.8,43.4,221.4,0
HS20HX,HS2 0HX,HS,93,0,100,0,0,0,8,12.9,18.5,0.4,51.1,1.4,5.8,40.7,0,6.9,5.6,0.4,10.0,0.5,2.4,8.4,0,12,4,0,5,12,0,137.9,22.9,51.8,274.1,0
HS20HY,HS2 0HY,HS,100,0,100,0,0,0,0,2.6,27.2,0.2,80.0,1.7,1.7,65.3,0,5.2,6.9,0.3,20.0,0.4,0.4,13.3,0,3,3,0,0,4,0,92.2,32.1,32.1,182.3,0
HS20HZ,HS2 0HZ,HS,100,0,100,0,0,0,0,N/A,N/A,N/A,N/A,N/A,N/A,N/A,N/A,N/A,N/A,N/A,N/A,N/A,N/A,N/A,N/A,N/A,N/A,N/A,N/A,N/A,N/A,N/A,N/A,N/A,N/A,N/A
HS20JA,HS2 0JA,HS,100,0,100,0,0,0,0,54.9,46.4,1.3,79.9,1.8,1.8,56.3,0,10.0,9.1,0.4,20.0,0.4,0.4,10.3,0,1,1,0,0,9,0,69.8,18.8,18.8,81.1,0
HS20JB,HS2 0JB,HS,93,0,100,7,7,7,7,54.9,37.8,1.5,77.3,2.3,2.3,53.5,0,10.0,6.8,0.4,20.0,0.6,0.6,10.3,0,1,3,0,0,9,0,106.6,40.3,40.3,143.6,0
HS20JD,HS2 0JD,HS,100,0,100,0,0,0,0,35.4,31.9,0.6,80.0,1.3,6.0,42.3,0,6.9,6.3,0.4,9.0,0.7,2.5,7.1,0,5,0,0,1,15,0,179.3,58.0,52.2,230.1,0
HS20JF,HS2 0JF,HS,75,0,100,0,0,0,25,52.8,39.1,2.0,79.8,2.1,2.1,52.9,0,10.0,7.5,0.4,10.0,0.5,0.5,9.8,0,0,3,0,0,8,0,123.0,19.5,19.5,161.8,0
HS20JG,HS2 0JG,HS,100,0,100,0,0,0,0,N/A,N/A,N/A,N/A,N/A,N/A,N/A,N/A,N/A,N/A,N/A,N/A,N/A,N/A,N/A,N/A,N/A,N/A,N/A,N/A,N/A,N/A,N/A,N/A,N/A,N/A,N/A
HS20JH,HS2 0JH,HS,0,0,0,50,100,100,100,N/A,N/A,N/A,N/A,N/A,N/A,N/A,N/A,N/A,N/A,N/A,N/A,N/A,N/A,N/A,N/A,N/A,N/A,N/A,N/A,N/A,N/A,N/A,N/A,N/A,N/A,N/A
HS20JN,HS2 0JN,HS,100,0,100,0,0,0,0,N/A,N/A,N/A,N/A,N/A,N/A,N/A,N/A,N/A,N/A,N/A,N/A,N/A,N/A,N/A,N/A,N/A,N/A,N/A,N/A,N/A,N/A,N/A,N/A,N/A,N/A,N/A
HS20JP,HS2 0JP,HS,57,0,57,0,0,43,43,8.1,15.2,3.4,55.0,7.2,7.2,55.0,0,0,0,0,0,0,0,0,0,0,1,4,0,1,0,70.6,38.8,38.8,229.1,0
HS20JR,HS2 0JR,HS,50,0,70,0,0,30,50,8.1,20.5,5.1,80.0,7.7,9.8,54.0,0,6.6,6.3,0.4,20.0,0.4,2.1,10.6,0,0,0,22,3,8,0,51.4,18.4,38.0,97.6,0
HS20JS,HS2 0JS,HS,81,0,85,2,2,17,19,8.1,17.8,1.4,80.0,7.7,7.7,55.0,0,10.0,6.5,0.4,10.0,0.4,0.4,10.0,0,1,1,35,0,10,0,85.0,68.3,68.3,143.2,0
HS20JT,HS2 0JT,HS,100,0,100,0,0,0,0,N/A,N/A,N/A,N/A,N/A,N/A,N/A,N/A,N/A,N/A,N/A,N/A,N/A,N/A,N/A,N/A,N/A,N/A,N/A,N/A,N/A,N/A,N/A,N/A,N/A,N/A,N/A
HS20JY,HS2 0JY,HS,100,0,100,0,0,0,0,8.1,20.3,6.2,80.0,7.8,7.8,57.7,0,6.6,7.5,0.3,20.0,0.4,0.4,12.2,0,0,0,15,0,5,0,57.3,49.7,49.7,80.1,0
HS20JZ,HS2 0JZ,HS,100,0,100,0,0,0,0,8.1,21.4,6.3,66.9,7.9,7.9,49.8,0,8.2,7.1,0.4,20.0,0.4,0.4,11.2,0,0,0,19,0,9,0,118.0,74.1,74.1,212.8,0
HS20LA,HS2 0LA,HS,100,0,100,0,0,0,0,8.1,27.0,4.3,79.8,7.1,7.1,54.3,0,10.0,7.2,0.4,20.0,0.4,0.4,11.7,0,0,1,10,0,8,0,113.7,56.2,56.2,192.8,0
HS20LB,HS2 0LB,HS,62,0,77,0,0,23,38,8.1,15.2,6.8,36.5,8.0,8.0,34.7,0,3.6,4.4,0.4,10.0,0.4,0.4,5.7,0,0,0,8,0,3,0,47.6,47.2,47.2,48.5,0
HS20LD,HS2 0LD,HS,50,0,50,0,0,50,50,7.7,12.1,2.3,35.0,6.4,6.4,35.0,0,0.4,0.4,0.4,0.4,0.4,0.4,0,0,0,1,3,0,1,0,308.2,142.3,142.3,972.1,0
HS20LE,HS2 0LE,HS,100,0,100,0,0,0,0,N/A,N/A,N/A,N/A,N/A,N/A,N/A,N/A,N/A,N/A,N/A,N/A,N/A,N/A,N/A,N/A,N/A,N/A,N/A,N/A,N/A,N/A,N/A,N/A,N/A,N/A,N/A
HS20LF,HS2 0LF,HS,57,0,65,0,9,39,43,8.1,19.3,4.8,80.0,7.4,8.4,44.3,0,4.5,3.9,0.4,10.0,0.4,1.3,7.1,0,0,1,14,1,7,0,163.0,111.0,175.3,136.6,0
HS20LH,HS2 0LH,HS,47,0,63,0,0,37,53,7.4,13.2,3.4,43.2,6.8,8.3,35.9,0,3.3,3.7,0.4,7.7,0.6,1.9,6.7,0,0,2,11,1,3,0,125.6,66.9,87.4,195.5,0
HS20LJ,HS2 0LJ,HS,100,0,100,0,0,0,0,N/A,N/A,N/A,N/A,N/A,N/A,N/A,N/A,N/A,N/A,N/A,N/A,N/A,N/A,N/A,N/A,N/A,N/A,N/A,N/A,N/A,N/A,N/A,N/A,N/A,N/A,N/A
HS20LN,HS2 0LN,HS,73,0,100,27,27,27,27,8.1,20.4,4.5,55.0,7.4,7.4,46.4,0,8.3,7.2,0.4,11.6,0.4,0.4,9.4,0,0,1,5,0,3,0,57.7,59.1,59.1,55.0,0
HS20LP,HS2 0LP,HS,93,0,98,0,0,2,7,8.1,20.9,2.4,54.9,7.7,9.6,48.5,0,10.0,6.9,0.4,10.0,0.4,2.4,10.0,0,0,1,19,2,9,0,105.7,59.7,80.8,184.0,0
HS20LQ,HS2 0LQ,HS,56,0,73,1,2,32,44,8.1,18.4,0.6,80.0,7.1,8.9,55.0,0,3.2,4.6,0.4,11.9,0.5,1.5,10.0,0,2,5,43,8,15,0,102.1,68.4,85.2,165.3,0
HS20LR,HS2 0LR,HS,89,0,98,0,0,2,11,8.1,19.2,0.5,63.5,6.7,9.2,46.1,0,4.4,5.0,0.4,13.3,0.4,2.0,10.1,0,1,4,18,4,10,0,67.6,23.8,66.1,71.7,0
HS20LS,HS2 0LS,HS,79,0,90,2,2,10,21,7.4,17.6,2.5,80.0,6.4,7.4,56.5,0,0.4,2.5,0.4,20.0,0.4,0.5,11.3,0,0,8,32,2,11,0,112.8,69.9,81.0,234.3,0
HS20LT,HS2 0LT,HS,77,0,83,4,13,21,23,39.9,34.7,2.4,80.0,5.6,6.8,58.4,0,10.0,7.5,0.3,20.0,0.4,1.0,13.3,0,0,7,9,1,20,0,98.6,59.3,59.2,136.3,0
HS20LW,HS2 0LW,HS,83,0,83,0,17,17,17,8.1,22.4,2.8,79.7,6.3,6.3,57.7,0,0.4,3.8,0.4,14.7,0.4,0.4,11.6,0,0,2,9,0,5,0,67.7,21.6,21.6,160.0,0
HS20NA,HS2 0NA,HS,75,0,75,0,0,25,25,N/A,N/A,N/A,N/A,N/A,N/A,N/A,N/A,N/A,N/A,N/A,N/A,N/A,N/A,N/A,N/A,N/A,N/A,N/A,N/A,N/A,N/A,N/A,N/A,N/A,N/A,N/A
HS20NB,HS2 0NB,HS,30,0,89,10,20,23,70,3.6,10.6,0.2,76.6,3.3,6.2,47.4,0,0.4,1.8,0.1,10.0,0.5,1.1,8.1,0,8,39,7,12,8,0,75.8,43.2,75.0,88.5,0
HS20NE,HS2 0NE,HS,100,0,100,0,0,0,0,54.9,49.0,31.6,59.3,0,0,49.0,0,10.0,10.1,5.2,16.1,0,0,10.1,0,0,0,0,0,10,0,175.8,0,0,175.8,0
HS20NF,HS2 0NF,HS,95,0,100,0,0,0,5,28.4,27.2,10.5,47.6,0,20.2,41.3,0,4.1,4.7,1.3,8.8,0,2.9,8.3,0,0,0,0,4,2,0,120.7,0,55.5,251.2,0
HS20NG,HS2 0NG,HS,91,0,100,0,0,0,9,40.0,48.8,2.1,80.0,2.1,19.9,56.7,0,10.0,10.1,2.5,18.3,0,2.5,11.7,0,0,1,0,2,11,0,113.1,0.5,25.4,137.0,0
HS20NH,HS2 0NH,HS,100,0,100,0,0,0,0,54.9,52.3,29.8,80.0,0,29.8,54.2,0,10.0,9.6,6.9,10.6,0,10.0,9.5,0,0,0,0,1,12,0,58.3,0,3.5,62.9,0
HS20NJ,HS2 0NJ,HS,100,0,100,0,0,0,0,64.9,58.0,22.3,80.0,0,22.3,69.9,0,10.0,12.7,8.2,20.0,0,8.2,15.0,0,0,0,0,1,3,0,180.3,0,5.1,238.6,0
HS20NL,HS2 0NL,HS,92,0,100,0,0,0,8,40.0,41.7,5.9,80.0,5.9,18.3,48.8,0,9.6,7.7,1.4,11.3,1.4,4.7,8.9,0,0,0,1,9,33,0,80.4,11.5,23.3,97.7,0
HS20NN,HS2 0NN,HS,8,0,100,0,0,4,92,18.7,16.0,3.5,28.5,5.3,16.0,0,0,1.1,1.9,0.8,6.2,1.0,1.9,0,0,0,1,2,7,0,0,133.1,97.5,133.1,0,0
HS20NP,HS2 0NP,HS,33,0,100,0,0,0,67,0,0,0,0,0,0,0,0,0,0,0,0,0,0,0,0,0,0,0,0,0,0,0,0,0,0,0
HS20NQ,HS2 0NQ,HS,50,0,100,0,0,0,50,N/A,N/A,N/A,N/A,N/A,N/A,N/A,N/A,N/A,N/A,N/A,N/A,N/A,N/A,N/A,N/A,N/A,N/A,N/A,N/A,N/A,N/A,N/A,N/A,N/A,N/A,N/A
HS20NR,HS2 0NR,HS,100,0,100,0,0,0,0,35.1,35.2,23.9,42.5,0,23.9,37.5,0,4.3,4.8,3.3,6.2,0,3.3,5.2,0,0,0,0,1,5,0,354.1,0,71.0,410.7,0
HS20NT,HS2 0NT,HS,0,0,100,0,0,0,100,N/A,N/A,N/A,N/A,N/A,N/A,N/A,N/A,N/A,N/A,N/A,N/A,N/A,N/A,N/A,N/A,N/A,N/A,N/A,N/A,N/A,N/A,N/A,N/A,N/A,N/A,N/A
HS20NW,HS2 0NW,HS,89,0,100,0,0,0,11,40.0,39.8,16.5,71.5,0,19.9,45.5,0,8.3,9.1,2.0,20.0,0,5.6,10.2,0,0,0,0,6,21,0,93.6,0,145.6,78.8,0
HS20PA,HS2 0PA,HS,50,0,100,0,0,0,50,1.9,2.0,0.9,3.2,2.0,2.0,0,0,0.9,0.8,0.4,1.1,0.8,0.8,0,0,2,2,0,0,0,0,59.1,59.1,59.1,0,0
HS20PB,HS2 0PB,HS,37,0,94,0,6,13,63,2.7,3.9,0.3,19.4,3.0,3.9,0,0,0.6,0.8,0.4,4.0,0.7,0.8,0,0,13,26,6,4,0,0,64.8,52.4,65.8,0,0
HS20PD,HS2 0PD,HS,82,0,100,0,0,2,18,8.1,13.7,3.1,73.5,6.3,10.5,61.1,0,1.2,1.9,0.4,20.0,1.0,1.1,13.3,0,0,6,23,16,3,0,97.7,52.3,95.8,127.1,0
HS20PE,HS2 0PE,HS,0,0,100,0,50,50,100,N/A,N/A,N/A,N/A,N/A,N/A,N/A,N/A,N/A,N/A,N/A,N/A,N/A,N/A,N/A,N/A,N/A,N/A,N/A,N/A,N/A,N/A,N/A,N/A,N/A,N/A,N/A
HS20PF,HS2 0PF,HS,0,0,50,0,100,100,100,N/A,N/A,N/A,N/A,N/A,N/A,N/A,N/A,N/A,N/A,N/A,N/A,N/A,N/A,N/A,N/A,N/A,N/A,N/A,N/A,N/A,N/A,N/A,N/A,N/A,N/A,N/A
HS20PH,HS2 0PH,HS,100,0,100,0,0,0,0,N/A,N/A,N/A,N/A,N/A,N/A,N/A,N/A,N/A,N/A,N/A,N/A,N/A,N/A,N/A,N/A,N/A,N/A,N/A,N/A,N/A,N/A,N/A,N/A,N/A,N/A,N/A
HS20PJ,HS2 0PJ,HS,82,0,100,0,0,0,18,13.9,19.3,2.4,40.0,2.4,13.3,37.6,0,1.2,2.9,0.4,7.8,0.4,2.1,7.8,0,0,1,0,5,2,0,49.0,25.3,31.7,101.0,0
HS20PL,HS2 0PL,HS,84,0,100,0,0,10,16,15.5,17.8,6.7,55.0,7.9,13.0,46.2,0,1.2,2.1,0.4,10.0,0.9,1.4,10.0,0,0,0,9,15,4,0,84.4,39.6,66.2,176.0,0
HS20PN,HS2 0PN,HS,83,0,100,0,0,6,17,12.2,19.0,0.6,54.9,7.3,11.0,40.2,0,1.2,2.4,0.4,10.0,1.0,1.5,8.2,0,1,0,8,12,8,0,51.1,27.7,52.7,47.2,0
HS20PP,HS2 0PP,HS,100,0,100,0,0,0,0,18.1,15.1,7.8,19.6,7.9,15.1,0,0,1.2,1.2,1.1,1.3,1.1,1.2,0,0,0,0,2,6,0,0,97.7,74.0,97.7,0,0
HS20PQ,HS2 0PQ,HS,100,0,100,0,0,0,0,N/A,N/A,N/A,N/A,N/A,N/A,N/A,N/A,N/A,N/A,N/A,N/A,N/A,N/A,N/A,N/A,N/A,N/A,N/A,N/A,N/A,N/A,N/A,N/A,N/A,N/A,N/A
HS20PR,HS2 0PR,HS,100,0,100,0,0,0,0,N/A,N/A,N/A,N/A,N/A,N/A,N/A,N/A,N/A,N/A,N/A,N/A,N/A,N/A,N/A,N/A,N/A,N/A,N/A,N/A,N/A,N/A,N/A,N/A,N/A,N/A,N/A
HS20PS,HS2 0PS,HS,77,0,100,0,8,15,23,37.4,40.0,7.1,80.0,8.0,16.5,60.8,0,1.4,4.7,0.4,10.0,0.8,2.0,10.0,0,0,0,4,4,9,0,153.7,31.1,115.8,187.4,0
HS20PT,HS2 0PT,HS,82,0,91,9,9,9,18,14.0,15.7,8.1,39.6,8.1,13.5,39.6,0,1.2,2.1,0.5,8.5,1.2,1.4,8.5,0,0,0,3,8,1,0,182.5,38.6,198.5,38.6,0
HS20PU,HS2 0PU,HS,82,0,96,0,0,4,18,16.4,15.3,1.1,25.5,7.0,15.3,0,0,1.2,1.4,0.4,4.7,0.9,1.4,0,0,1,1,5,31,0,0,86.0,40.1,86.0,0,0
HS20PW,HS2 0PW,HS,85,0,100,0,2,2,15,20.7,26.5,5.1,54.9,6.6,18.3,45.2,0,1.2,4.3,0.9,13.8,0,1.5,9.9,0,0,0,2,14,7,0,73.1,7.6,68.0,84.0,0
HS20PX,HS2 0PX,HS,0,0,67,0,0,0,100,13.5,10.8,0.6,18.3,4.0,10.8,0,0,1.2,1.2,1.2,1.2,0,1.2,0,0,1,0,1,3,0,0,8.3,18.6,8.3,0,0
HS20PY,HS2 0PY,HS,100,0,100,0,0,0,0,30.5,31.5,20.1,45.0,0,22.2,40.8,0,2.8,4.0,1.2,9.1,0,1.2,6.7,0,0,0,0,2,2,0,188.8,0,9.2,368.3,0
HS20PZ,HS2 0PZ,HS,100,0,100,0,0,0,0,16.3,15.6,9.7,22.7,9.7,15.6,0,0,1.2,1.3,0.9,2.2,1.0,1.3,0,0,0,0,2,6,0,0,217.0,194.9,217.0,0,0
HS20QA,HS2 0QA,HS,0,0,0,3,9,100,100,5.7,5.5,0.3,10.7,5.1,5.5,0,0,1.1,1.0,0.4,1.2,1.0,1.0,0,0,3,9,15,2,0,0,62.3,54.7,62.3,0,0
HS20QB,HS2 0QB,HS,0,0,0,0,85,100,100,3.3,3.7,1.9,7.1,3.7,3.7,0,0,1.0,0.9,0.4,1.1,0.9,0.9,0,0,1,23,6,0,0,0,87.5,87.5,87.5,0,0
HS20QD,HS2 0QD,HS,0,0,0,0,100,100,100,2.6,2.5,1.0,3.6,2.5,2.5,0,0,0.9,0.7,0.4,1.0,0.7,0.7,0,0,2,9,0,0,0,0,59.5,59.5,59.5,0,0
HS20QE,HS2 0QE,HS,0,0,0,100,100,100,100,N/A,N/A,N/A,N/A,N/A,N/A,N/A,N/A,N/A,N/A,N/A,N/A,N/A,N/A,N/A,N/A,N/A,N/A,N/A,N/A,N/A,N/A,N/A,N/A,N/A,N/A,N/A
HS20QF,HS2 0QF,HS,0,0,0,0,100,100,100,3.5,3.8,2.3,6.6,3.8,3.8,0,0,0.6,0.7,0.4,1.1,0.7,0.7,0,0,0,7,2,0,0,0,81.7,81.7,81.7,0,0
HS20QG,HS2 0QG,HS,0,0,0,0,12,100,100,4.9,5.5,1.4,12.3,4.8,5.5,0,0,1.1,1.0,0.4,1.2,1.0,1.0,0,0,2,11,10,3,0,0,39.6,42.8,39.6,0,0
HS20QH,HS2 0QH,HS,0,0,0,5,71,100,100,3.9,4.1,1.0,8.8,4.1,4.1,0,0,1.0,0.8,0.3,1.2,0.8,0.8,0,0,5,41,19,0,0,0,55.9,55.9,55.9,0,0
HS20QQ,HS2 0QQ,HS,0,0,0,0,0,100,100,6.8,6.7,4.2,10.0,6.2,6.7,0,0,1.1,1.0,0.4,1.2,0.9,1.0,0,0,0,2,5,1,0,0,88.1,93.6,88.1,0,0
HS20QX,HS2 0QX,HS,10,0,100,3,3,13,90,23.0,22.3,4.4,47.4,5.1,19.9,43.7,0,1.2,1.7,0.8,7.9,1.2,1.3,7.9,0,0,1,1,16,2,0,82.7,20.4,91.3,5.7,0
HS20QY,HS2 0QY,HS,100,0,100,0,0,0,0,54.9,48.0,3.2,79.7,3.2,20.5,51.5,0,10.0,9.3,0.9,19.4,0.9,6.5,9.6,0,0,1,0,3,31,0,105.2,7.2,55.0,111.7,0
HS20QZ,HS2 0QZ,HS,75,0,100,0,0,0,25,N/A,N/A,N/A,N/A,N/A,N/A,N/A,N/A,N/A,N/A,N/A,N/A,N/A,N/A,N/A,N/A,N/A,N/A,N/A,N/A,N/A,N/A,N/A,N/A,N/A,N/A,N/A
HS20RG,HS2 0RG,HS,0,0,0,9,100,100,100,4.0,3.8,1.7,6.2,3.8,3.8,0,0,0.4,0.4,0.3,0.4,0.4,0.4,0,0,3,12,5,0,0,0,43.4,45.4,45.4,0,0
HS20RH,HS2 0RH,HS,9,0,11,0,6,89,91,7.4,6.6,0.6,8.1,6.6,6.6,0,0,0.4,0.4,0.4,0.4,0.4,0.4,0,0,1,5,22,0,0,0,41.9,41.9,41.9,0,0
HS20RJ,HS2 0RJ,HS,0,0,0,0,0,100,100,N/A,N/A,N/A,N/A,N/A,N/A,N/A,N/A,N/A,N/A,N/A,N/A,N/A,N/A,N/A,N/A,N/A,N/A,N/A,N/A,N/A,N/A,N/A,N/A,N/A,N/A,N/A
HS20RL,HS2 0RL,HS,0,0,0,0,0,100,100,7.7,7.0,4.5,8.1,7.0,7.0,0,0,0.4,0.4,0.4,0.4,0.4,0.4,0,0,0,2,10,0,0,0,99.5,99.5,99.5,0,0
HS20RQ,HS2 0RQ,HS,3,0,3,0,61,97,97,4.3,4.1,0.4,7.4,4.1,4.1,0,0,0.4,0.4,0.2,0.4,0.4,0.4,0,0,5,10,11,0,0,0,66.0,66.0,66.0,0,0
HS20RR,HS2 0RR,HS,0,0,10,10,14,100,100,7.1,6.4,1.0,8.1,6.4,6.4,0,0,0.4,0.5,0.4,0.6,0.5,0.5,0,0,1,2,15,0,0,0,39.6,39.6,39.6,0,0
HS20RS,HS2 0RS,HS,0,0,0,0,0,100,100,8.1,7.5,4.2,8.1,7.5,7.5,0,0,0.4,0.4,0.4,0.4,0.4,0.4,0,0,0,2,11,0,0,0,51.6,51.6,51.6,0,0
HS20RT,HS2 0RT,HS,0,0,0,0,0,100,100,8.1,7.9,7.4,8.1,7.9,7.9,0,0,0,0,0,0,0,0,0,0,0,0,7,0,0,0,43.3,43.3,43.3,0,0
HS20RU,HS2 0RU,HS,0,0,0,0,0,100,100,8.1,8.1,8.0,8.1,8.1,8.1,0,0,0,0,0,0,0,0,0,0,0,0,6,0,0,0,62.1,72.2,72.2,0,0
HS20RX,HS2 0RX,HS,0,0,0,0,0,100,100,8.1,7.5,4.0,8.1,7.5,7.5,0,0,0.4,0.4,0.4,0.4,0.4,0.4,0,0,0,4,50,0,0,0,68.9,64.1,64.1,0,0
HS20RZ,HS2 0RZ,HS,0,0,0,0,0,100,100,N/A,N/A,N/A,N/A,N/A,N/A,N/A,N/A,N/A,N/A,N/A,N/A,N/A,N/A,N/A,N/A,N/A,N/A,N/A,N/A,N/A,N/A,N/A,N/A,N/A,N/A,N/A
HS20SD,HS2 0SD,HS,0,0,50,0,100,100,100,N/A,N/A,N/A,N/A,N/A,N/A,N/A,N/A,N/A,N/A,N/A,N/A,N/A,N/A,N/A,N/A,N/A,N/A,N/A,N/A,N/A,N/A,N/A,N/A,N/A,N/A,N/A
HS20SG,HS2 0SG,HS,0,0,0,0,0,100,100,6.1,5.5,2.3,6.8,5.5,5.5,0,0,0.4,0.4,0.4,0.4,0.4,0.4,0,0,0,1,4,0,0,0,107.5,107.5,107.5,0,0
HS20SH,HS2 0SH,HS,0,0,0,23,89,100,100,3.0,3.2,0.8,7.1,3.2,3.2,0,0,0.4,0.4,0.3,0.4,0.4,0.4,0,0,5,18,3,0,0,0,45.3,45.3,45.3,0,0
HS20SJ,HS2 0SJ,HS,0,0,0,58,92,100,100,3.8,3.4,1.2,5.1,3.4,3.4,0,0,0.4,0.4,0.4,0.4,0.4,0.4,0,0,4,9,4,0,0,0,34.5,34.5,34.5,0,0
HS20SN,HS2 0SN,HS,0,0,0,0,50,100,100,5.2,5.6,2.3,8.1,5.6,5.6,0,0,0.4,0.4,0.1,0.4,0.4,0.4,0,0,0,8,13,0,0,0,54.4,54.4,54.4,0,0
HS20SP,HS2 0SP,HS,0,0,0,91,100,100,100,3.6,3.0,0.2,5.7,3.0,3.0,0,0,0.4,0.4,0.1,0.4,0.4,0.4,0,0,12,18,4,0,0,0,29.9,29.9,29.9,0,0
HS20SR,HS2 0SR,HS,0,0,0,0,0,0,0,N/A,N/A,N/A,N/A,N/A,N/A,N/A,N/A,N/A,N/A,N/A,N/A,N/A,N/A,N/A,N/A,N/A,N/A,N/A,N/A,N/A,N/A,N/A,N/A,N/A,N/A,N/A
HS20ST,HS2 0ST,HS,0,0,0,0,0,0,0,2.8,2.9,0.3,6.2,2.9,2.9,0,0,0.4,0.4,0.1,0.4,0.4,0.4,0,0,3,5,1,0,0,0,128.3,128.3,128.3,0,0
HS20SU,HS2 0SU,HS,0,0,0,0,0,100,100,N/A,N/A,N/A,N/A,N/A,N/A,N/A,N/A,N/A,N/A,N/A,N/A,N/A,N/A,N/A,N/A,N/A,N/A,N/A,N/A,N/A,N/A,N/A,N/A,N/A,N/A,N/A
HS20SW,HS2 0SW,HS,0,0,0,0,53,100,100,4.8,4.6,0.8,7.0,4.6,4.6,0,0,0.4,0.4,0.4,0.4,0.4,0.4,0,0,3,9,9,0,0,0,59.8,59.8,59.8,0,0
HS20SY,HS2 0SY,HS,0,0,0,0,0,100,100,N/A,N/A,N/A,N/A,N/A,N/A,N/A,N/A,N/A,N/A,N/A,N/A,N/A,N/A,N/A,N/A,N/A,N/A,N/A,N/A,N/A,N/A,N/A,N/A,N/A,N/A,N/A
HS20SZ,HS2 0SZ,HS,0,0,0,3,3,100,100,6.2,6.3,1.0,8.1,6.3,6.3,0,0,0.4,0.4,0.4,0.4,0.4,0.4,0,0,1,0,18,0,0,0,98.7,101.8,101.8,0,0
HS20TA,HS2 0TA,HS,0,0,0,2,2,100,100,7.4,6.2,0.2,8.1,6.2,6.2,0,0,0.4,0.4,0.4,0.4,0.4,0.4,0,0,3,8,28,0,0,0,33.0,33.0,33.0,0,0
HS20TB,HS2 0TB,HS,0,0,0,29,43,100,100,4.0,4.1,0.6,7.7,4.1,4.1,0,0,0.4,0.4,0.4,0.4,0.4,0.4,0,0,2,0,2,0,0,0,11.4,11.4,11.4,0,0
HS20TD,HS2 0TD,HS,0,0,0,21,67,100,100,3.1,3.9,0.6,8.1,3.9,3.9,0,0,0.4,0.4,0.3,0.4,0.4,0.4,0,0,5,7,6,0,0,0,35.4,35.4,35.4,0,0
HS20TG,HS2 0TG,HS,0,0,0,0,0,100,100,8.1,7.4,1.8,8.1,7.4,7.4,0,0,0.4,0.4,0.4,0.4,0.4,0.4,0,0,1,2,36,0,0,0,103.2,102.5,102.5,0,0
HS20TH,HS2 0TH,HS,0,0,0,2,2,100,100,8.1,7.5,1.6,8.1,7.5,7.5,0,0,0.4,0.4,0.1,0.4,0.4,0.4,0,0,1,1,33,0,0,0,63.6,65.4,65.4,0,0
HS20TJ,HS2 0TJ,HS,0,0,0,0,0,100,100,8.1,8.0,7.5,8.1,8.0,8.0,0,0,0.4,0.4,0.4,0.4,0.4,0.4,0,0,0,0,8,0,0,0,72.5,72.5,72.5,0,0
HS20TL,HS2 0TL,HS,0,0,0,0,0,100,100,0,0,0,0,0,0,0,0,0,0,0,0,0,0,0,0,0,0,0,0,0,0,0,0,0,0,0
HS20TN,HS2 0TN,HS,0,0,0,0,0,100,100,8.1,6.8,3.5,8.1,6.8,6.8,0,0,0.4,0.4,0.4,0.4,0.4,0.4,0,0,0,2,5,0,0,0,11.1,11.1,11.1,0,0
HS20TQ,HS2 0TQ,HS,0,0,0,0,0,100,100,7.7,7.1,1.6,8.1,7.1,7.1,0,0,0.4,0.4,0.4,0.4,0.4,0.4,0,0,1,1,15,0,0,0,34.0,34.0,34.0,0,0
HS20TR,HS2 0TR,HS,0,0,0,0,0,100,100,8.1,7.2,2.4,8.1,7.2,7.2,0,0,0.4,0.3,0.1,0.4,0.3,0.3,0,0,0,2,9,0,0,0,44.3,44.3,44.3,0,0
HS20TS,HS2 0TS,HS,0,0,0,0,0,100,100,6.5,6.2,3.4,8.1,6.2,6.2,0,0,0.4,0.4,0.4,0.4,0.4,0.4,0,0,0,3,9,0,0,0,42.9,42.9,42.9,0,0
HS20TW,HS2 0TW,HS,0,0,0,0,0,100,100,8.0,7.3,1.4,8.1,7.3,7.3,0,0,0.4,0.4,0.4,0.4,0.4,0.4,0,0,1,0,13,0,0,0,64.6,64.6,64.6,0,0
HS20TX,HS2 0TX,HS,0,0,0,0,0,100,100,5.7,5.2,0.6,8.0,5.2,5.2,0,0,0.4,0.4,0.4,0.4,0.4,0.4,0,0,3,4,12,0,0,0,45.2,45.2,45.2,0,0
HS20XA,HS2 0XA,HS,0,0,0,2,2,100,100,8.1,7.1,2.0,8.1,7.1,7.1,0,0,0.4,0.4,0.4,0.4,0.4,0.4,0,0,0,4,29,0,0,0,47.2,47.2,47.2,0,0
HS20XB,HS2 0XB,HS,0,0,0,0,0,100,100,8.0,7.1,2.3,8.1,7.1,7.1,0,0,0.4,0.4,0.4,0.4,0.4,0.4,0,0,0,3,31,0,0,0,72.5,72.5,72.5,0,0
HS20XD,HS2 0XD,HS,0,0,0,0,0,100,100,8.1,6.4,0.6,8.1,6.4,6.4,0,0,0.4,0.4,0.4,0.4,0.4,0.4,0,0,2,0,8,0,0,0,60.9,60.9,60.9,0,0
HS20XF,HS2 0XF,HS,0,0,0,22,89,100,100,6.6,6.9,4.9,8.1,6.9,6.9,0,0,0.4,0.4,0.3,0.4,0.4,0.4,0,0,0,1,12,0,0,0,60.9,60.9,60.9,0,0
HS20XG,HS2 0XG,HS,0,0,0,0,34,100,100,8.1,6.6,1.2,8.1,6.6,6.6,0,0,0.4,0.4,0.4,0.4,0.4,0.4,0,0,1,3,17,0,0,0,31.8,31.8,31.8,0,0
HS20XH,HS2 0XH,HS,0,0,0,2,14,100,100,7.2,6.6,1.7,8.1,6.6,6.6,0,0,0.4,0.4,0.4,0.4,0.4,0.4,0,0,1,5,36,0,0,0,58.2,58.2,58.2,0,0
HS20XJ,HS2 0XJ,HS,0,0,0,0,0,100,100,N/A,N/A,N/A,N/A,N/A,N/A,N/A,N/A,N/A,N/A,N/A,N/A,N/A,N/A,N/A,N/A,N/A,N/A,N/A,N/A,N/A,N/A,N/A,N/A,N/A,N/A,N/A
HS20XP,HS2 0XP,HS,67,0,67,0,0,0,33,N/A,N/A,N/A,N/A,N/A,N/A,N/A,N/A,N/A,N/A,N/A,N/A,N/A,N/A,N/A,N/A,N/A,N/A,N/A,N/A,N/A,N/A,N/A,N/A,N/A,N/A,N/A
HS20XS,HS2 0XS,HS,0,0,50,0,0,0,100,N/A,N/A,N/A,N/A,N/A,N/A,N/A,N/A,N/A,N/A,N/A,N/A,N/A,N/A,N/A,N/A,N/A,N/A,N/A,N/A,N/A,N/A,N/A,N/A,N/A,N/A,N/A
HS29AD,HS2 9AD,HS,0,0,100,0,0,100,100,0,0,0,0,0,0,0,0,0,0,0,0,0,0,0,0,0,0,0,0,0,0,0,0,0,0,0
HS29AE,HS2 9AE,HS,0,0,80,0,100,100,100,3.1,2.8,0.2,5.1,2.8,2.8,0,0,0.4,0.4,0.4,0.4,0.4,0.4,0,0,1,3,1,0,0,0,25.5,25.5,25.5,0,0
HS29AG,HS2 9AG,HS,86,0,100,0,0,0,14,39.3,42.0,34.4,54.9,0,0,42.0,0,7.3,6.4,2.0,10.0,0,0,6.4,0,0,0,0,0,4,0,33.1,0,0,33.1,0
HS29AJ,HS2 9AJ,HS,100,0,100,0,0,0,0,N/A,N/A,N/A,N/A,N/A,N/A,N/A,N/A,N/A,N/A,N/A,N/A,N/A,N/A,N/A,N/A,N/A,N/A,N/A,N/A,N/A,N/A,N/A,N/A,N/A,N/A,N/A
HS29AL,HS2 9AL,HS,100,0,100,0,0,0,0,N/A,N/A,N/A,N/A,N/A,N/A,N/A,N/A,N/A,N/A,N/A,N/A,N/A,N/A,N/A,N/A,N/A,N/A,N/A,N/A,N/A,N/A,N/A,N/A,N/A,N/A,N/A
HS29AN,HS2 9AN,HS,100,0,100,0,0,0,0,N/A,N/A,N/A,N/A,N/A,N/A,N/A,N/A,N/A,N/A,N/A,N/A,N/A,N/A,N/A,N/A,N/A,N/A,N/A,N/A,N/A,N/A,N/A,N/A,N/A,N/A,N/A
HS29AP,HS2 9AP,HS,44,0,100,0,0,0,56,N/A,N/A,N/A,N/A,N/A,N/A,N/A,N/A,N/A,N/A,N/A,N/A,N/A,N/A,N/A,N/A,N/A,N/A,N/A,N/A,N/A,N/A,N/A,N/A,N/A,N/A,N/A
HS29AQ,HS2 9AQ,HS,100,0,100,0,0,0,0,0,0,0,0,0,0,0,0,0,0,0,0,0,0,0,0,0,0,0,0,0,0,0,0,0,0,0
HS29AU,HS2 9AU,HS,100,0,100,0,0,0,0,0,0,0,0,0,0,0,0,0,0,0,0,0,0,0,0,0,0,0,0,0,0,0,0,0,0,0
HS29AW,HS2 9AW,HS,100,0,100,0,0,0,0,55.0,50.9,8.2,80.0,8.2,8.2,59.5,0,10.0,10.6,3.1,20.0,3.1,3.1,12.5,0,0,0,1,0,5,0,26.7,29.4,29.4,26.2,0
HS29AY,HS2 9AY,HS,100,0,100,0,0,0,0,0,0,0,0,0,0,0,0,0,0,0,0,0,0,0,0,0,0,0,0,0,0,0,0,0,0,0
HS29BD,HS2 9BD,HS,0,0,2,0,0,98,100,8.1,7.7,2.8,8.1,7.7,7.7,0,0,0.4,0.4,0.4,0.4,0.4,0.4,0,0,0,2,36,0,0,0,71.1,68.0,68.0,0,0
HS29BE,HS2 9BE,HS,60,0,100,0,0,0,40,8.1,11.5,3.4,79.7,7.8,7.8,57.4,0,0.4,2.6,0.1,7.3,0.3,0.3,7.3,0,0,1,24,0,2,0,37.0,32.3,32.3,95.7,0
HS29BG,HS2 9BG,HS,79,0,97,3,3,9,21,8.1,16.7,3.8,58.8,7.4,9.2,52.2,0,4.2,5.0,0.4,11.0,0.4,2.2,9.8,0,0,2,14,3,4,0,67.2,25.5,53.0,134.5,0
HS29BJ,HS2 9BJ,HS,36,0,100,2,16,20,64,7.4,12.9,1.4,55.0,6.5,8.5,40.6,0,0.4,2.3,0.4,20.0,0.5,1.3,12.3,0,1,4,28,5,6,0,69.3,48.6,58.9,154.9,0
HS29BL,HS2 9BL,HS,33,0,100,0,0,0,67,17.0,18.0,6.2,31.6,6.5,15.3,31.6,0,5.0,5.6,4.5,7.1,0,4.8,7.1,0,0,0,2,3,1,0,197.8,180.0,161.5,379.4,0
HS29BP,HS2 9BP,HS,0,0,0,0,0,100,100,0,0,0,0,0,0,0,0,0,0,0,0,0,0,0,0,0,0,0,0,0,0,0,0,0,0,0
HS29BQ,HS2 9BQ,HS,76,0,91,0,0,9,24,8.1,17.5,4.9,54.9,7.6,7.6,47.1,0,7.3,5.5,0.4,10.0,0.4,0.4,8.9,0,0,1,11,0,4,0,90.2,70.5,70.5,144.6,0
HS29BW,HS2 9BW,HS,0,0,6,0,0,100,100,8.1,6.8,0.6,8.1,6.8,6.8,0,0,0.4,0.4,0.3,0.4,0.4,0.4,0,0,1,2,11,0,0,0,85.2,85.2,85.2,0,0
HS29DA,HS2 9DA,HS,0,0,0,0,48,100,100,4.5,4.8,0.8,8.1,4.8,4.8,0,0,0.4,0.5,0.4,0.8,0.5,0.5,0,0,1,22,19,0,0,0,49.3,49.3,49.3,0,0
HS29DB,HS2 9DB,HS,0,0,0,80,100,100,100,2.3,2.6,0.6,6.8,2.6,2.6,0,0,0.4,0.4,0.1,0.4,0.4,0.4,0,0,16,22,4,0,0,0,31.9,31.9,31.9,0,0
HS29DD,HS2 9DD,HS,0,0,0,3,15,100,100,5.7,5.4,2.3,8.0,5.4,5.4,0,0,0.4,0.4,0.2,0.4,0.4,0.4,0,0,0,9,13,0,0,0,52.4,52.4,52.4,0,0
HS29DE,HS2 9DE,HS,0,0,0,0,0,100,100,7.4,6.8,2.0,8.1,6.8,6.8,0,0,0.4,0.4,0.4,0.4,0.4,0.4,0,0,0,1,10,0,0,0,86.5,86.5,86.5,0,0
HS29DF,HS2 9DF,HS,0,0,0,0,0,100,100,8.0,7.3,5.4,8.1,7.3,7.3,0,0,0.4,0.4,0.4,0.4,0.4,0.4,0,0,0,0,7,0,0,0,50.9,57.3,57.3,0,0
HS29DG,HS2 9DG,HS,0,0,0,0,0,100,100,0,0,0,0,0,0,0,0,0,0,0,0,0,0,0,0,0,0,0,0,0,0,0,0,0,0,0
HS29DH,HS2 9DH,HS,0,0,0,24,97,100,100,3.8,5.3,2.1,27.2,4.1,5.3,0,0,0.4,1.2,0.3,8.5,0.5,1.2,0,0,0,13,5,1,0,0,75.7,79.0,77.7,0,0
HS29DJ,HS2 9DJ,HS,0,0,0,100,100,100,100,2.1,2.3,1.2,4.0,2.3,2.3,0,0,0.4,0.4,0.4,0.4,0.4,0.4,0,0,2,4,0,0,0,0,19.6,19.6,19.6,0,0
HS29DQ,HS2 9DQ,HS,0,0,0,0,0,100,100,6.8,6.1,4.0,8.1,6.1,6.1,0,0,0.4,0.4,0.4,0.4,0.4,0.4,0,0,0,2,3,0,0,0,37.7,37.7,37.7,0,0
HS29DR,HS2 9DR,HS,30,0,100,0,0,0,70,7.7,6.9,4.8,8.1,6.9,6.9,0,0,0.4,0.4,0.4,0.4,0.4,0.4,0,0,0,2,4,0,0,0,99.8,99.8,99.8,0,0
HS29DS,HS2 9DS,HS,0,0,88,4,16,40,100,8.1,7.8,0.3,16.5,7.1,7.8,0,0,0.4,0.9,0.3,3.7,0.5,0.9,0,0,1,1,16,2,0,0,70.5,75.0,70.5,0,0
HS29DT,HS2 9DT,HS,0,0,0,0,0,0,0,N/A,N/A,N/A,N/A,N/A,N/A,N/A,N/A,N/A,N/A,N/A,N/A,N/A,N/A,N/A,N/A,N/A,N/A,N/A,N/A,N/A,N/A,N/A,N/A,N/A,N/A,N/A
HS29DU,HS2 9DU,HS,0,0,0,74,100,100,100,1.4,1.4,0.2,2.7,1.4,1.4,0,0,0.4,0.5,0.3,1.0,0.5,0.5,0,0,25,4,0,0,0,0,21.5,22.0,22.0,0,0
HS29DW,HS2 9DW,HS,0,0,0,52,100,100,100,2.0,2.2,0.4,5.1,2.2,2.2,0,0,0.4,0.4,0.1,0.4,0.4,0.4,0,0,17,20,1,0,0,0,29.3,29.3,29.3,0,0
HS29DX,HS2 9DX,HS,70,0,70,0,0,30,30,8.1,14.5,8.1,40.0,8.1,8.1,40.0,0,0.4,0.4,0.4,0.4,0.4,0.4,0,0,0,0,4,0,1,0,217.9,190.1,190.1,329.0,0
HS29DY,HS2 9DY,HS,100,0,100,0,0,0,0,8.1,15.0,0.4,55.0,7.3,8.2,42.0,0,7.9,5.9,0.4,10.0,0.4,2.5,9.3,0,1,3,34,2,10,0,74.2,58.8,56.2,144.2,0
HS29DZ,HS2 9DZ,HS,100,0,100,0,0,0,0,8.1,13.2,5.1,49.4,7.3,8.7,49.4,0,2.4,3.5,0.4,8.7,0.4,1.8,8.7,0,0,0,7,1,1,0,50.3,53.3,52.4,33.9,0
HS29EA,HS2 9EA,HS,0,0,100,0,0,7,100,8.1,8.7,5.4,22.9,7.2,8.7,0,0,0.4,0.8,0.4,2.3,0.4,0.8,0,0,0,0,10,1,0,0,67.1,38.3,67.1,0,0
HS29ED,HS2 9ED,HS,17,0,78,3,28,44,83,8.0,6.8,2.3,10.9,6.6,6.8,0,0,0.4,0.5,0.4,1.1,0.4,0.5,0,0,0,5,23,2,0,0,34.8,34.3,34.8,0,0
HS29EF,HS2 9EF,HS,0,0,68,25,40,83,100,5.8,5.6,0.2,20.5,5.3,5.6,0,0,0.4,0.5,0.4,1.2,0.5,0.5,0,0,4,13,23,1,0,0,52.4,45.7,52.4,0,0
HS29EJ,HS2 9EJ,HS,0,0,100,100,100,100,100,N/A,N/A,N/A,N/A,N/A,N/A,N/A,N/A,N/A,N/A,N/A,N/A,N/A,N/A,N/A,N/A,N/A,N/A,N/A,N/A,N/A,N/A,N/A,N/A,N/A,N/A,N/A
HS29HA,HS2 9HA,HS,0,0,0,0,0,0,0,N/A,N/A,N/A,N/A,N/A,N/A,N/A,N/A,N/A,N/A,N/A,N/A,N/A,N/A,N/A,N/A,N/A,N/A,N/A,N/A,N/A,N/A,N/A,N/A,N/A,N/A,N/A
HS29JB,HS2 9JB,HS,0,0,0,0,100,100,100,N/A,N/A,N/A,N/A,N/A,N/A,N/A,N/A,N/A,N/A,N/A,N/A,N/A,N/A,N/A,N/A,N/A,N/A,N/A,N/A,N/A,N/A,N/A,N/A,N/A,N/A,N/A
HS29JN,HS2 9JN,HS,0,0,100,38,100,100,100,3.4,3.9,2.1,5.7,3.9,3.9,0,0,0.4,0.6,0.4,1.0,0.6,0.6,0,0,0,5,2,0,0,0,110.8,110.8,110.8,0,0
HS29JP,HS2 9JP,HS,0,0,0,0,0,100,100,N/A,N/A,N/A,N/A,N/A,N/A,N/A,N/A,N/A,N/A,N/A,N/A,N/A,N/A,N/A,N/A,N/A,N/A,N/A,N/A,N/A,N/A,N/A,N/A,N/A,N/A,N/A
HS29JR,HS2 9JR,HS,0,0,0,0,100,100,100,N/A,N/A,N/A,N/A,N/A,N/A,N/A,N/A,N/A,N/A,N/A,N/A,N/A,N/A,N/A,N/A,N/A,N/A,N/A,N/A,N/A,N/A,N/A,N/A,N/A,N/A,N/A
HS29JT,HS2 9JT,HS,0,0,0,0,91,100,100,3.4,3.7,1.2,7.5,3.7,3.7,0,0,0.4,0.4,0.4,0.4,0.4,0.4,0,0,1,30,4,0,0,0,38.9,38.9,38.9,0,0
HS29JW,HS2 9JW,HS,0,0,0,100,100,100,100,0,0,0,0,0,0,0,0,0,0,0,0,0,0,0,0,0,0,0,0,0,0,0,0,0,0,0
HS29JX,HS2 9JX,HS,0,0,0,43,100,100,100,2.2,2.2,0.6,3.4,2.2,2.2,0,0,0.4,0.4,0.4,0.4,0.4,0.4,0,0,4,10,0,0,0,0,48.9,48.9,48.9,0,0
HS29JY,HS2 9JY,HS,0,0,0,67,100,100,100,N/A,N/A,N/A,N/A,N/A,N/A,N/A,N/A,N/A,N/A,N/A,N/A,N/A,N/A,N/A,N/A,N/A,N/A,N/A,N/A,N/A,N/A,N/A,N/A,N/A,N/A,N/A
HS29LA,HS2 9LA,HS,0,0,0,0,0,100,100,N/A,N/A,N/A,N/A,N/A,N/A,N/A,N/A,N/A,N/A,N/A,N/A,N/A,N/A,N/A,N/A,N/A,N/A,N/A,N/A,N/A,N/A,N/A,N/A,N/A,N/A,N/A
HS29LE,HS2 9LE,HS,0,0,0,0,0,0,0,0.2,0.2,0.2,0.3,0.2,0.2,0,0,0.3,0.3,0.3,0.4,0.3,0.3,0,0,4,0,0,0,0,0,3.7,3.7,3.7,0,0
HS29NF,HS2 9NF,HS,0,0,0,0,100,100,100,0,0,0,0,0,0,0,0,0,0,0,0,0,0,0,0,0,0,0,0,0,0,0,0,0,0,0
HS29NG,HS2 9NG,HS,0,0,0,0,0,0,100,20.1,20.2,19.0,21.0,0,20.2,0,0,1.1,1.1,0.9,1.3,0,1.1,0,0,0,0,0,8,0,0,104.9,0,104.9,0,0
HS29NH,HS2 9NH,HS,0,0,0,7,59,100,100,4.2,5.3,1.0,10.8,5.1,5.3,0,0,0.9,0.9,0.3,1.1,0.9,0.9,0,0,2,15,10,1,0,0,56.4,56.0,56.4,0,0
HS29NJ,HS2 9NJ,HS,0,0,0,0,0,100,100,N/A,N/A,N/A,N/A,N/A,N/A,N/A,N/A,N/A,N/A,N/A,N/A,N/A,N/A,N/A,N/A,N/A,N/A,N/A,N/A,N/A,N/A,N/A,N/A,N/A,N/A,N/A
HS29NL,HS2 9NL,HS,0,0,100,0,0,0,100,6.2,5.7,3.8,6.8,5.7,5.7,0,0,0.9,0.9,0.9,1.0,0.9,0.9,0,0,0,1,3,0,0,0,95.0,95.0,95.0,0,0
HS29NN,HS2 9NN,HS,76,0,100,2,2,2,24,4.9,10.8,2.2,74.8,5.1,5.2,56.2,0,0.9,2.1,0.4,20.0,0.9,0.9,10.5,0,0,20,12,1,4,0,46.0,30.1,29.2,184.6,0
HS29NP,HS2 9NP,HS,56,0,84,0,0,0,44,11.8,13.5,3.1,50.8,6.9,11.7,47.0,0,1.0,1.6,0.4,19.1,0.8,1.1,14.0,0,0,2,15,40,3,0,101.0,54.5,103.9,82.0,0
HS29NR,HS2 9NR,HS,100,0,100,0,0,0,0,13.5,18.9,5.7,80.0,7.5,11.7,66.7,0,1.1,1.0,0.9,1.3,0.9,1.0,0,0,0,0,7,13,3,0,92.3,60.9,65.9,297.8,0
HS29NS,HS2 9NS,HS,93,0,93,0,0,4,7,19.2,18.1,2.5,55.0,6.7,16.6,48.4,0,1.1,1.2,0.3,9.1,0.6,1.0,9.1,0,0,1,8,32,2,0,62.0,41.5,58.8,127.7,0
HS29NT,HS2 9NT,HS,100,0,100,0,0,0,0,13.4,11.8,1.4,18.9,1.4,11.8,0,0,0.9,1.0,0.9,1.1,0,1.0,0,0,1,0,0,3,0,0,11.6,7.8,11.6,0,0
HS29NU,HS2 9NU,HS,90,0,90,0,0,0,10,18.9,18.0,2.2,40.0,7.1,16.5,35.9,0,1.1,1.5,0.4,8.4,0.7,1.1,7.7,0,0,1,6,29,3,0,63.0,15.2,64.6,44.7,0
HS29NW,HS2 9NW,HS,0,0,86,0,0,14,100,8.3,9.7,4.0,18.4,6.8,9.7,0,0,1.5,1.5,1.1,2.0,1.1,1.5,0,0,0,1,2,1,0,0,81.6,88.9,81.6,0,0
HS29NX,HS2 9NX,HS,47,0,89,14,22,28,53,10.6,14.5,4.9,55.0,7.7,10.5,55.0,0,0.9,1.4,0.4,10.0,0.8,0.9,10.0,0,0,1,8,11,2,0,88.3,69.3,87.9,91.6,0
HS29NY,HS2 9NY,HS,0,0,89,67,89,100,100,8.1,6.3,1.7,8.6,6.3,6.3,0,0,1.0,1.0,0.9,1.0,1.0,1.0,0,0,1,1,3,0,0,0,70.4,70.4,70.4,0,0
HS29PA,HS2 9PA,HS,20,0,20,0,20,80,80,6.0,7.4,3.1,19.7,5.4,7.4,0,0,0.9,0.8,0.4,1.2,0.7,0.8,0,0,0,1,5,1,0,0,14.5,13.7,14.5,0,0
HS29PB,HS2 9PB,HS,0,0,0,0,83,83,100,4.8,4.7,0.3,8.2,4.7,4.7,0,0,0.8,0.8,0.8,0.9,0.8,0.8,0,0,1,2,2,0,0,0,67.4,67.4,67.4,0,0
HS29PE,HS2 9PE,HS,0,0,0,0,78,94,100,5.5,5.5,1.5,9.6,5.5,5.5,0,0,0.9,0.8,0.6,0.9,0.8,0.8,0,0,1,2,7,0,0,0,80.2,80.2,80.2,0,0
HS29PJ,HS2 9PJ,HS,0,0,0,0,0,100,100,8.1,7.0,0.6,8.1,7.0,7.0,0,0,0.4,0.4,0.3,0.4,0.4,0.4,0,0,2,3,28,0,0,0,56.8,58.5,58.5,0,0
HS29PN,HS2 9PN,HS,0,0,0,7,66,100,100,5.7,5.3,0.2,8.1,5.3,5.3,0,0,0.4,0.4,0.4,0.4,0.4,0.4,0,0,4,9,24,0,0,0,43.0,43.0,43.0,0,0
HS29PP,HS2 9PP,HS,0,0,0,100,100,100,100,4.5,3.9,0.3,5.7,3.9,3.9,0,0,0.4,0.4,0.2,0.4,0.4,0.4,0,0,1,6,4,0,0,0,80.2,80.2,80.2,0,0
HS29PR,HS2 9PR,HS,0,0,0,0,100,100,100,N/A,N/A,N/A,N/A,N/A,N/A,N/A,N/A,N/A,N/A,N/A,N/A,N/A,N/A,N/A,N/A,N/A,N/A,N/A,N/A,N/A,N/A,N/A,N/A,N/A,N/A,N/A
HS29PS,HS2 9PS,HS,0,0,0,0,100,100,100,4.8,4.4,2.3,6.1,4.4,4.4,0,0,0.4,0.4,0.4,0.4,0.4,0.4,0,0,0,4,4,0,0,0,79.7,79.7,79.7,0,0
HS29PT,HS2 9PT,HS,0,0,0,31,100,100,100,2.5,2.9,0.6,7.4,2.9,2.9,0,0,0.4,0.5,0.4,0.8,0.5,0.5,0,0,9,18,3,0,0,0,40.0,40.0,40.0,0,0
HS29PW,HS2 9PW,HS,0,0,0,0,0,100,100,N/A,N/A,N/A,N/A,N/A,N/A,N/A,N/A,N/A,N/A,N/A,N/A,N/A,N/A,N/A,N/A,N/A,N/A,N/A,N/A,N/A,N/A,N/A,N/A,N/A,N/A,N/A
HS29PX,HS2 9PX,HS,0,0,0,95,100,100,100,2.0,1.9,1.2,2.8,1.9,1.9,0,0,0.4,0.4,0.4,0.4,0.4,0.4,0,0,4,5,0,0,0,0,40.6,40.6,40.6,0,0
HS29QA,HS2 9QA,HS,0,0,0,100,100,100,100,1.3,1.5,0.7,2.6,1.5,1.5,0,0,0.4,0.4,0.4,0.4,0.4,0.4,0,0,8,4,0,0,0,0,27.4,27.4,27.4,0,0
HS29QB,HS2 9QB,HS,0,0,0,0,0,0,0,1.6,2.4,0.2,5.6,2.4,2.4,0,0,0.4,0.7,0.3,1.1,0.7,0.7,0,0,13,6,5,0,0,0,45.9,45.9,45.9,0,0
HS29QD,HS2 9QD,HS,0,0,0,94,100,100,100,5.1,4.8,0.2,8.1,4.8,4.8,0,0,0.4,0.4,0.4,0.4,0.4,0.4,0,0,2,6,12,0,0,0,90.9,81.6,81.6,0,0
HS29QE,HS2 9QE,HS,0,0,0,100,100,100,100,4.6,4.6,2.6,6.5,4.6,4.6,0,0,0.4,0.4,0.4,0.4,0.4,0.4,0,0,0,4,2,0,0,0,85.3,85.3,85.3,0,0
HS29QH,HS2 9QH,HS,0,0,0,97,100,100,100,0.5,0.5,0.2,1.2,0.5,0.5,0,0,0.4,0.4,0.4,0.4,0.4,0.4,0,0,12,0,0,0,0,0,5.7,5.7,5.7,0,0
HS29QJ,HS2 9QJ,HS,0,0,0,40,100,100,100,N/A,N/A,N/A,N/A,N/A,N/A,N/A,N/A,N/A,N/A,N/A,N/A,N/A,N/A,N/A,N/A,N/A,N/A,N/A,N/A,N/A,N/A,N/A,N/A,N/A,N/A,N/A
HS29QL,HS2 9QL,HS,0,0,0,100,100,100,100,0,0,0,0,0,0,0,0,0,0,0,0,0,0,0,0,0,0,0,0,0,0,0,0,0,0,0
HS29QP,HS2 9QP,HS,0,0,0,96,100,100,100,1.2,1.0,0.3,2.0,1.0,1.0,0,0,0.4,0.4,0.2,0.4,0.4,0.4,0,0,16,1,0,0,0,0,12.2,12.2,12.2,0,0
HS29QR,HS2 9QR,HS,0,0,0,100,100,100,100,0.6,0.5,0.2,0.9,0.5,0.5,0,0,0.4,0.4,0.4,0.4,0.4,0.4,0,0,5,0,0,0,0,0,8.0,8.0,8.0,0,0
HS29QU,HS2 9QU,HS,0,0,0,0,0,100,100,N/A,N/A,N/A,N/A,N/A,N/A,N/A,N/A,N/A,N/A,N/A,N/A,N/A,N/A,N/A,N/A,N/A,N/A,N/A,N/A,N/A,N/A,N/A,N/A,N/A,N/A,N/A
HS29QX,HS2 9QX,HS,0,0,0,2,6,100,100,8.1,7.1,0.2,8.1,7.1,7.1,0,0,0.4,0.4,0.4,0.4,0.4,0.4,0,0,1,5,35,0,0,0,33.7,34.2,34.2,0,0
HS29QY,HS2 9QY,HS,0,0,0,0,0,100,100,8.1,7.4,4.5,8.1,7.4,7.4,0,0,0,0,0,0,0,0,0,0,0,1,4,0,0,0,30.9,30.9,30.9,0,0
HS29QZ,HS2 9QZ,HS,0,0,0,0,0,100,100,8.1,7.6,6.6,8.1,7.6,7.6,0,0,0.4,0.4,0.4,0.4,0.4,0.4,0,0,0,0,5,0,0,0,58.0,58.0,58.0,0,0
HS29RA,HS2 9RA,HS,0,0,0,0,0,0,0,N/A,N/A,N/A,N/A,N/A,N/A,N/A,N/A,N/A,N/A,N/A,N/A,N/A,N/A,N/A,N/A,N/A,N/A,N/A,N/A,N/A,N/A,N/A,N/A,N/A,N/A,N/A
HS29RD,HS2 9RD,HS,0,0,0,100,100,100,100,5.5,4.5,0.6,6.8,4.5,4.5,0,0,0.4,0.4,0.1,0.4,0.4,0.4,0,0,4,4,10,0,0,0,37.2,37.2,37.2,0,0
HS29RE,HS2 9RE,HS,0,0,0,100,100,100,100,0,0,0,0,0,0,0,0,0,0,0,0,0,0,0,0,0,0,0,0,0,0,0,0,0,0,0
HS29RF,HS2 9RF,HS,0,0,0,25,100,100,100,N/A,N/A,N/A,N/A,N/A,N/A,N/A,N/A,N/A,N/A,N/A,N/A,N/A,N/A,N/A,N/A,N/A,N/A,N/A,N/A,N/A,N/A,N/A,N/A,N/A,N/A,N/A
HS29RG,HS2 9RG,HS,0,0,0,73,100,100,100,2.1,2.6,1.0,4.5,2.6,2.6,0,0,0.4,0.4,0.4,0.4,0.4,0.4,0,0,3,8,0,0,0,0,16.2,16.2,16.2,0,0
HS33AG,HS3 3AG,HS,0,0,0,0,100,100,100,N/A,N/A,N/A,N/A,N/A,N/A,N/A,N/A,N/A,N/A,N/A,N/A,N/A,N/A,N/A,N/A,N/A,N/A,N/A,N/A,N/A,N/A,N/A,N/A,N/A,N/A,N/A
HS33AH,HS3 3AH,HS,0,0,0,0,0,0,100,12.6,11.9,1.8,20.4,3.0,11.9,0,0,1.2,1.0,0.4,1.2,0.6,1.0,0,0,1,1,0,4,0,0,39.1,3.4,39.1,0,0
HS33AJ,HS3 3AJ,HS,0,0,0,5,14,86,100,9.7,10.7,5.6,17.3,7.9,10.7,0,0,1.1,0.9,0.4,1.2,0.7,0.9,0,0,0,0,10,9,0,0,80.9,66.2,80.9,0,0
HS33AL,HS3 3AL,HS,0,0,0,7,67,100,100,4.1,4.5,1.9,8.0,4.5,4.5,0,0,0.4,0.7,0.4,1.2,0.7,0.7,0,0,1,9,5,0,0,0,87.7,87.7,87.7,0,0
HS33AP,HS3 3AP,HS,0,0,0,0,0,100,100,4.8,5.0,3.1,6.7,5.0,5.0,0,0,0.4,0.7,0.4,1.1,0.7,0.7,0,0,0,3,2,0,0,0,101.3,101.3,101.3,0,0
HS33BD,HS3 3BD,HS,0,0,0,0,0,0,0,N/A,N/A,N/A,N/A,N/A,N/A,N/A,N/A,N/A,N/A,N/A,N/A,N/A,N/A,N/A,N/A,N/A,N/A,N/A,N/A,N/A,N/A,N/A,N/A,N/A,N/A,N/A
HS33BG,HS3 3BG,HS,0,0,0,0,0,0,100,21.4,18.6,4.4,24.4,7.1,18.6,0,0,1.2,1.1,0.3,1.3,0.6,1.1,0,0,0,1,7,31,0,0,65.5,12.7,65.5,0,0
HS33BH,HS3 3BH,HS,0,0,0,0,0,0,100,N/A,N/A,N/A,N/A,N/A,N/A,N/A,N/A,N/A,N/A,N/A,N/A,N/A,N/A,N/A,N/A,N/A,N/A,N/A,N/A,N/A,N/A,N/A,N/A,N/A,N/A,N/A
HS33BJ,HS3 3BJ,HS,0,0,0,0,0,0,100,21.6,21.8,20.0,24.1,0,21.8,0,0,1.2,1.2,1.2,1.3,0,1.2,0,0,0,0,0,4,0,0,37.3,0,37.3,0,0
HS33BL,HS3 3BL,HS,0,0,0,33,33,33,100,21.7,17.6,3.1,24.1,3.1,17.6,0,0,1.2,1.2,1.2,1.3,1.2,1.2,0,0,0,1,0,3,0,0,46.6,1.5,46.6,0,0
HS33BP,HS3 3BP,HS,0,0,0,83,100,100,100,2.3,2.5,0.7,4.0,2.5,2.5,0,0,0.4,0.5,0.4,0.8,0.5,0.5,0,0,2,7,0,0,0,0,39.5,39.5,39.5,0,0
HS33BQ,HS3 3BQ,HS,0,0,0,0,0,0,100,N/A,N/A,N/A,N/A,N/A,N/A,N/A,N/A,N/A,N/A,N/A,N/A,N/A,N/A,N/A,N/A,N/A,N/A,N/A,N/A,N/A,N/A,N/A,N/A,N/A,N/A,N/A
HS33BS,HS3 3BS,HS,0,0,0,100,100,100,100,1.1,1.0,0.4,1.7,1.0,1.0,0,0,0.3,0.3,0.2,0.4,0.3,0.3,0,0,13,0,0,0,0,0,14.6,14.6,14.6,0,0
HS33BW,HS3 3BW,HS,0,0,0,6,6,47,100,8.9,10.3,5.4,17.2,7.6,10.3,0,0,1.1,1.0,0.4,1.2,0.9,1.0,0,0,0,0,7,5,0,0,53.5,30.7,53.5,0,0
HS33DA,HS3 3DA,HS,0,0,0,75,75,75,100,15.2,14.6,4.4,19.1,6.2,14.6,0,0,1.2,1.0,0.4,1.2,0.4,1.0,0,0,0,1,1,7,0,0,67.7,68.0,67.7,0,0
HS33DB,HS3 3DB,HS,0,0,0,8,8,8,100,17.7,15.5,1.1,23.8,6.0,15.5,0,0,1.2,1.1,0.2,1.3,0.3,1.1,0,0,1,1,4,12,0,0,74.4,23.8,74.4,0,0
HS33DD,HS3 3DD,HS,0,0,0,0,0,0,100,N/A,N/A,N/A,N/A,N/A,N/A,N/A,N/A,N/A,N/A,N/A,N/A,N/A,N/A,N/A,N/A,N/A,N/A,N/A,N/A,N/A,N/A,N/A,N/A,N/A,N/A,N/A
HS33DE,HS3 3DE,HS,0,0,0,0,0,0,100,0,0,0,0,0,0,0,0,0,0,0,0,0,0,0,0,0,0,0,0,0,0,0,0,0,0,0
HS33DF,HS3 3DF,HS,0,0,0,0,0,0,100,18.7,16.7,8.1,22.2,8.1,16.7,0,0,1.1,1.1,0.8,1.2,0,1.1,0,0,0,0,1,4,0,0,115.9,3.2,115.9,0,0
HS33DG,HS3 3DG,HS,0,0,0,0,0,0,100,8.1,13.2,2.8,23.1,7.4,13.2,0,0,1.1,1.1,0.4,1.2,0,1.1,0,0,0,1,9,8,0,0,62.7,92.2,62.7,0,0
HS33DH,HS3 3DH,HS,0,0,0,0,0,0,100,19.6,16.2,4.0,23.1,6.9,16.2,0,0,1.2,1.1,0.4,1.3,0.7,1.1,0,0,0,2,7,24,0,0,87.2,57.6,94.6,0,0
HS33DJ,HS3 3DJ,HS,0,0,0,0,0,0,100,21.3,18.3,7.4,24.2,8.3,18.3,0,0,1.2,1.2,0.6,1.3,0.6,1.2,0,0,0,0,6,20,0,0,72.9,164.8,72.9,0,0
HS33DL,HS3 3DL,HS,0,0,0,0,0,0,100,20.4,17.8,4.5,24.1,7.2,17.8,0,0,1.2,1.1,0.4,1.3,0.6,1.1,0,0,0,1,5,27,0,0,124.9,77.2,124.9,0,0
HS33DN,HS3 3DN,HS,0,0,0,0,0,0,100,N/A,N/A,N/A,N/A,N/A,N/A,N/A,N/A,N/A,N/A,N/A,N/A,N/A,N/A,N/A,N/A,N/A,N/A,N/A,N/A,N/A,N/A,N/A,N/A,N/A,N/A,N/A
HS33DP,HS3 3DP,HS,0,0,0,10,30,40,100,14.8,15.6,5.7,23.4,7.7,15.6,0,0,1.2,1.1,0.4,1.2,0.7,1.1,0,0,0,0,3,9,0,0,67.4,51.2,67.4,0,0
HS33DR,HS3 3DR,HS,0,0,0,0,0,67,100,11.1,10.8,6.6,17.6,7.2,10.8,0,0,1.0,1.0,0.8,1.2,0.9,1.0,0,0,0,0,2,3,0,0,113.7,82.9,113.7,0,0
HS33DY,HS3 3DY,HS,0,0,0,67,89,89,100,4.3,3.7,0.2,5.3,3.7,3.7,0,0,0.4,0.5,0.4,0.8,0.5,0.5,0,0,1,7,1,0,0,0,20.1,20.1,20.1,0,0
HS33DZ,HS3 3DZ,HS,0,0,0,0,100,100,100,N/A,N/A,N/A,N/A,N/A,N/A,N/A,N/A,N/A,N/A,N/A,N/A,N/A,N/A,N/A,N/A,N/A,N/A,N/A,N/A,N/A,N/A,N/A,N/A,N/A,N/A,N/A
HS33EH,HS3 3EH,HS,0,0,0,0,100,100,100,0,0,0,0,0,0,0,0,0,0,0,0,0,0,0,0,0,0,0,0,0,0,0,0,0,0,0
HS33HG,HS3 3HG,HS,0,0,0,0,0,0,100,9.8,11.3,6.2,20.4,8.4,11.3,0,0,1.1,1.1,1.0,1.2,1.0,1.1,0,0,0,0,4,4,0,0,99.2,121.1,99.2,0,0
HS33HJ,HS3 3HJ,HS,0,0,0,100,100,100,100,N/A,N/A,N/A,N/A,N/A,N/A,N/A,N/A,N/A,N/A,N/A,N/A,N/A,N/A,N/A,N/A,N/A,N/A,N/A,N/A,N/A,N/A,N/A,N/A,N/A,N/A,N/A
HS33HQ,HS3 3HQ,HS,0,0,0,0,0,0,100,13.4,12.0,3.5,17.7,3.5,12.0,0,0,1.1,1.0,0.4,1.3,0.4,1.0,0,0,0,1,0,3,0,0,23.0,16.7,23.0,0,0
HS33JA,HS3 3JA,HS,98,0,100,2,2,2,2,48.9,47.1,1.8,80.0,1.8,17.4,54.6,0,10.0,9.7,0.9,20.0,0.9,5.4,10.7,0,1,0,0,2,12,0,81.5,18.0,15.4,99.6,0
HS53TL,HS5 3TL,HS,100,0,100,0,0,0,0,N/A,N/A,N/A,N/A,N/A,N/A,N/A,N/A,N/A,N/A,N/A,N/A,N/A,N/A,N/A,N/A,N/A,N/A,N/A,N/A,N/A,N/A,N/A,N/A,N/A,N/A,N/A
HS53TN,HS5 3TN,HS,100,0,100,0,0,0,0,0,0,0,0,0,0,0,0,0,0,0,0,0,0,0,0,0,0,0,0,0,0,0,0,0,0,0
HS53TS,HS5 3TS,HS,100,0,100,0,0,0,0,N/A,N/A,N/A,N/A,N/A,N/A,N/A,N/A,N/A,N/A,N/A,N/A,N/A,N/A,N/A,N/A,N/A,N/A,N/A,N/A,N/A,N/A,N/A,N/A,N/A,N/A,N/A
HS53TT,HS5 3TT,HS,100,0,100,0,0,0,0,47.7,42.9,26.4,55.0,0,26.4,47.1,0,9.8,8.6,6.0,10.0,0,6.0,9.2,0,0,0,0,1,4,0,101.1,0,68.2,133.8,0
HS53TU,HS5 3TU,HS,100,0,100,0,0,0,0,N/A,N/A,N/A,N/A,N/A,N/A,N/A,N/A,N/A,N/A,N/A,N/A,N/A,N/A,N/A,N/A,N/A,N/A,N/A,N/A,N/A,N/A,N/A,N/A,N/A,N/A,N/A
HS53TX,HS5 3TX,HS,100,0,100,0,0,0,0,N/A,N/A,N/A,N/A,N/A,N/A,N/A,N/A,N/A,N/A,N/A,N/A,N/A,N/A,N/A,N/A,N/A,N/A,N/A,N/A,N/A,N/A,N/A,N/A,N/A,N/A,N/A
HS53TY,HS5 3TY,HS,85,0,100,8,15,15,15,54.3,46.1,15.3,58.7,0,15.3,50.5,0,8.6,7.4,2.0,10.0,0,7.2,7.4,0,0,0,0,1,7,0,32.9,0,34.7,32.6,0
HS53UA,HS5 3UA,HS,100,0,100,0,0,0,0,53.7,52.4,47.1,55.0,0,0,52.4,0,9.9,9.9,9.7,10.0,0,0,9.9,0,0,0,0,0,4,0,118.3,0,0,144.3,0
HS53UB,HS5 3UB,HS,100,0,100,0,0,0,0,N/A,N/A,N/A,N/A,N/A,N/A,N/A,N/A,N/A,N/A,N/A,N/A,N/A,N/A,N/A,N/A,N/A,N/A,N/A,N/A,N/A,N/A,N/A,N/A,N/A,N/A,N/A
HS53UD,HS5 3UD,HS,100,0,100,0,0,0,0,0,0,0,0,0,0,0,0,0,0,0,0,0,0,0,0,0,0,0,0,0,0,0,0,0,0,0
HS53UF,HS5 3UF,HS,100,0,100,0,0,0,0,0,0,0,0,0,0,0,0,0,0,0,0,0,0,0,0,0,0,0,0,0,0,0,0,0,0,0
HS75LA,HS7 5LA,HS,0,0,0,8,15,32,100,14.3,13.8,0.9,24.4,7.2,13.8,0,0,1.2,1.1,0.1,1.3,0.8,1.1,0,0,4,2,41,63,0,0,42.5,15.9,42.7,0,0
HS75LB,HS7 5LB,HS,0,0,0,0,0,0,100,18.8,16.7,6.7,20.4,7.5,16.7,0,0,1.2,1.2,0.4,1.3,0.9,1.2,0,0,0,0,3,18,0,0,104.6,41.9,104.6,0,0
HS75LD,HS7 5LD,HS,0,0,0,0,0,0,0,18.4,18.4,17.7,19.1,0,18.4,0,0,1.1,1.0,0.4,1.2,0,1.0,0,0,0,0,0,4,0,0,65.4,0,65.4,0,0
HS75LE,HS7 5LE,HS,0,0,0,0,0,75,100,12.6,12.7,10.0,14.9,0,12.7,0,0,1.2,1.2,1.0,1.2,0,1.2,0,0,0,0,0,15,0,0,151.9,0,151.9,0,0
HS75LF,HS7 5LF,HS,0,0,0,3,3,74,100,11.3,10.8,2.3,14.5,8.5,10.8,0,0,1.2,1.1,0.4,1.2,1.1,1.1,0,0,0,1,12,20,0,0,147.9,86.8,147.9,0,0
HS75LH,HS7 5LH,HS,0,0,0,0,0,0,100,14.1,13.6,7.3,20.1,8.2,13.6,0,0,1.1,0.9,0.4,1.2,0.7,0.9,0,0,0,0,6,18,0,0,99.9,43.5,99.9,0,0
HS75LQ,HS7 5LQ,HS,0,0,0,0,0,0,100,15.7,14.8,9.1,17.1,9.1,14.8,0,0,1.1,1.1,0.7,1.2,1.1,1.1,0,0,0,0,1,10,0,0,47.5,4.5,46.8,0,0
HS75LS,HS7 5LS,HS,0,0,0,0,0,54,100,12.8,12.3,4.9,15.4,5.9,12.3,0,0,1.1,1.1,0.4,1.2,0.4,1.1,0,0,0,1,1,12,0,0,137.5,99.2,137.5,0,0
HS75LT,HS7 5LT,HS,0,0,0,8,24,68,100,6.5,7.9,0.3,21.5,5.4,7.9,0,0,1.0,0.9,0.4,1.3,0.8,0.9,0,0,3,9,17,13,0,0,48.9,60.4,49.8,0,0
HS75LU,HS7 5LU,HS,0,0,0,5,42,100,100,5.5,5.7,1.3,8.4,5.7,5.7,0,0,0.7,0.8,0.4,1.2,0.8,0.8,0,0,1,4,13,0,0,0,45.5,45.5,45.5,0,0
HS75LW,HS7 5LW,HS,0,0,0,0,0,0,100,7.4,6.4,3.1,8.1,6.4,6.4,0,0,0.9,0.7,0.1,1.0,0.7,0.7,0,0,0,2,5,0,0,0,21.1,21.1,21.1,0,0
HS75LX,HS7 5LX,HS,0,0,0,0,0,0,100,21.2,19.3,3.1,24.4,3.1,19.3,0,0,1.2,1.1,0.3,1.3,0.3,1.1,0,0,0,1,0,8,0,0,81.8,0.0,81.8,0,0
HS75LY,HS7 5LY,HS,0,0,0,3,23,65,100,8.4,10.3,3.0,19.8,6.6,10.3,0,0,1.1,1.0,0.4,1.2,0.8,1.0,0,0,0,5,13,14,0,0,102.3,94.1,102.3,0,0
HS75LZ,HS7 5LZ,HS,0,0,0,0,20,100,100,N/A,N/A,N/A,N/A,N/A,N/A,N/A,N/A,N/A,N/A,N/A,N/A,N/A,N/A,N/A,N/A,N/A,N/A,N/A,N/A,N/A,N/A,N/A,N/A,N/A,N/A,N/A
HS75ND,HS7 5ND,HS,0,0,0,0,0,51,100,12.3,11.5,3.3,15.7,7.2,11.5,0,0,1.2,1.1,0.4,1.3,0.9,1.1,0,0,0,3,11,39,0,0,144.9,65.6,144.9,0,0
HS75NE,HS7 5NE,HS,0,0,0,0,0,88,100,8.3,8.0,2.4,16.1,6.0,8.0,0,0,1.1,1.2,1.1,1.2,1.1,1.2,0,0,0,2,2,1,0,0,110.0,132.6,110.0,0,0
HS75NF,HS7 5NF,HS,0,0,0,0,0,47,100,13.8,12.4,7.3,16.3,8.3,12.4,0,0,1.2,1.1,0.4,1.2,1.0,1.1,0,0,0,0,4,12,0,0,77.7,35.6,77.7,0,0
HS75NG,HS7 5NG,HS,0,0,0,0,0,0,100,18.6,17.7,8.3,21.2,8.3,17.7,0,0,1.2,1.1,1.0,1.2,1.1,1.1,0,0,0,0,1,11,0,0,132.2,0.0,132.2,0,0
HS75PG,HS7 5PG,HS,0,0,0,0,100,100,100,1.3,1.3,0.2,2.8,1.3,1.3,0,0,0.4,0.5,0.1,0.9,0.5,0.5,0,0,18,2,0,0,0,0,17.9,17.9,17.9,0,0
HS75PH,HS7 5PH,HS,0,0,0,0,0,0,0,1.4,1.4,0.6,2.3,1.4,1.4,0,0,0.4,0.6,0.4,0.9,0.6,0.6,0,0,6,1,0,0,0,0,64.0,64.0,64.0,0,0
HS75PJ,HS7 5PJ,HS,0,0,0,100,100,100,100,1.0,0.9,0.3,1.6,0.9,0.9,0,0,0.4,0.5,0.4,0.8,0.5,0.5,0,0,23,0,0,0,0,0,24.6,24.6,24.6,0,0
HS75PL,HS7 5PL,HS,0,0,0,100,100,100,100,N/A,N/A,N/A,N/A,N/A,N/A,N/A,N/A,N/A,N/A,N/A,N/A,N/A,N/A,N/A,N/A,N/A,N/A,N/A,N/A,N/A,N/A,N/A,N/A,N/A,N/A,N/A
HS75PN,HS7 5PN,HS,0,0,0,100,100,100,100,N/A,N/A,N/A,N/A,N/A,N/A,N/A,N/A,N/A,N/A,N/A,N/A,N/A,N/A,N/A,N/A,N/A,N/A,N/A,N/A,N/A,N/A,N/A,N/A,N/A,N/A,N/A
HS75PP,HS7 5PP,HS,0,0,0,75,85,85,100,2.6,2.6,1.0,4.7,2.6,2.6,0,0,0.4,0.5,0.3,1.0,0.5,0.5,0,0,10,16,0,0,0,0,49.1,49.1,49.1,0,0
HS75PQ,HS7 5PQ,HS,0,0,0,0,0,0,0,N/A,N/A,N/A,N/A,N/A,N/A,N/A,N/A,N/A,N/A,N/A,N/A,N/A,N/A,N/A,N/A,N/A,N/A,N/A,N/A,N/A,N/A,N/A,N/A,N/A,N/A,N/A
HS75PR,HS7 5PR,HS,0,0,0,100,100,100,100,1.4,1.6,0.6,3.4,1.6,1.6,0,0,0.4,0.5,0.3,1.0,0.5,0.5,0,0,10,2,0,0,0,0,41.2,41.2,41.2,0,0
HS75PW,HS7 5PW,HS,0,0,0,0,0,0,0,0.8,1.1,0.5,2.5,1.1,1.1,0,0,0.4,0.5,0.2,0.8,0.5,0.5,0,0,10,1,0,0,0,0,23.8,23.8,23.8,0,0
HS75PY,HS7 5PY,HS,0,0,0,44,100,100,100,3.1,3.2,0.8,5.6,3.2,3.2,0,0,0.4,0.5,0.4,1.0,0.5,0.5,0,0,3,13,2,0,0,0,38.9,38.9,38.9,0,0
HS75PZ,HS7 5PZ,HS,0,0,0,0,100,100,100,N/A,N/A,N/A,N/A,N/A,N/A,N/A,N/A,N/A,N/A,N/A,N/A,N/A,N/A,N/A,N/A,N/A,N/A,N/A,N/A,N/A,N/A,N/A,N/A,N/A,N/A,N/A
HS75QA,HS7 5QA,HS,0,0,0,5,73,100,100,4.7,4.9,0.6,11.3,4.7,4.9,0,0,0.4,0.6,0.3,1.2,0.6,0.6,0,0,2,12,9,1,0,0,66.0,69.0,66.0,0,0
HS75QB,HS7 5QB,HS,0,0,0,35,100,100,100,7.1,7.0,5.6,8.7,7.0,7.0,0,0,1.0,1.0,0.4,1.2,1.0,1.0,0,0,0,0,13,0,0,0,91.0,95.6,95.6,0,0
HS75QD,HS7 5QD,HS,0,0,0,100,100,100,100,2.0,2.1,1.7,2.8,2.1,2.1,0,0,0.4,0.4,0.4,0.4,0.4,0.4,0,0,2,3,0,0,0,0,69.6,69.6,69.6,0,0
HS75QF,HS7 5QF,HS,0,0,0,100,100,100,100,N/A,N/A,N/A,N/A,N/A,N/A,N/A,N/A,N/A,N/A,N/A,N/A,N/A,N/A,N/A,N/A,N/A,N/A,N/A,N/A,N/A,N/A,N/A,N/A,N/A,N/A,N/A
HS75QP,HS7 5QP,HS,0,0,0,0,75,100,100,6.5,6.7,2.1,10.5,6.4,6.7,0,0,1.1,0.9,0.4,1.2,0.9,0.9,0,0,0,2,9,1,0,0,59.2,60.6,59.2,0,0
HS75QR,HS7 5QR,HS,0,0,0,64,100,100,100,2.8,4.1,1.9,8.7,4.1,4.1,0,0,0.4,0.6,0.4,1.1,0.6,0.6,0,0,1,7,2,0,0,0,33.6,33.6,33.6,0,0
HS75QS,HS7 5QS,HS,0,0,0,100,100,100,100,N/A,N/A,N/A,N/A,N/A,N/A,N/A,N/A,N/A,N/A,N/A,N/A,N/A,N/A,N/A,N/A,N/A,N/A,N/A,N/A,N/A,N/A,N/A,N/A,N/A,N/A,N/A
HS85JH,HS8 5JH,HS,0,0,0,0,0,100,100,0,0,0,0,0,0,0,0,0,0,0,0,0,0,0,0,0,0,0,0,0,0,0,0,0,0,0
HS85JJ,HS8 5JJ,HS,0,0,0,0,0,100,100,0,0,0,0,0,0,0,0,0,0,0,0,0,0,0,0,0,0,0,0,0,0,0,0,0,0,0
HS85JL,HS8 5JL,HS,0,0,0,0,0,100,100,0,0,0,0,0,0,0,0,0,0,0,0,0,0,0,0,0,0,0,0,0,0,0,0,0,0,0
HS85JN,HS8 5JN,HS,0,0,0,0,14,100,100,0,0,0,0,0,0,0,0,0,0,0,0,0,0,0,0,0,0,0,0,0,0,0,0,0,0,0
HS85JP,HS8 5JP,HS,0,0,0,0,0,100,100,0,0,0,0,0,0,0,0,0,0,0,0,0,0,0,0,0,0,0,0,0,0,0,0,0,0,0
HS85JR,HS8 5JR,HS,0,0,0,0,0,100,100,0,0,0,0,0,0,0,0,0,0,0,0,0,0,0,0,0,0,0,0,0,0,0,0,0,0,0
HS85JT,HS8 5JT,HS,0,0,0,0,0,100,100,0,0,0,0,0,0,0,0,0,0,0,0,0,0,0,0,0,0,0,0,0,0,0,0,0,0,0
HS85JU,HS8 5JU,HS,0,0,0,0,0,100,100,0,0,0,0,0,0,0,0,0,0,0,0,0,0,0,0,0,0,0,0,0,0,0,0,0,0,0
HS85JW,HS8 5JW,HS,0,0,0,0,0,100,100,0,0,0,0,0,0,0,0,0,0,0,0,0,0,0,0,0,0,0,0,0,0,0,0,0,0,0
HS85PD,HS8 5PD,HS,0,0,0,0,0,0,0,N/A,N/A,N/A,N/A,N/A,N/A,N/A,N/A,N/A,N/A,N/A,N/A,N/A,N/A,N/A,N/A,N/A,N/A,N/A,N/A,N/A,N/A,N/A,N/A,N/A,N/A,N/A
HS85RX,HS8 5RX,HS,0,0,0,100,100,100,100,1.6,2.0,0.5,5.7,2.0,2.0,0,0,0.4,0.4,0.3,0.5,0.4,0.4,0,0,5,1,1,0,0,0,45.0,45.0,45.0,0,0
HS85SS,HS8 5SS,HS,0,0,0,0,2,100,100,8.1,7.2,2.3,8.1,7.2,7.2,0,0,0.4,0.4,0.4,0.4,0.4,0.4,0,0,0,7,50,0,0,0,38.5,38.6,38.6,0,0
HS85ST,HS8 5ST,HS,0,0,0,0,0,100,100,8.1,8.1,7.4,8.1,8.1,8.1,0,0,0.4,0.4,0.4,0.4,0.4,0.4,0,0,0,0,11,0,0,0,14.0,14.0,14.0,0,0
HS85SU,HS8 5SU,HS,0,0,0,0,0,100,100,8.1,7.9,7.0,8.1,7.9,7.9,0,0,0.4,0.4,0.4,0.4,0.4,0.4,0,0,0,0,10,0,0,0,65.7,65.7,65.7,0,0
HS85SX,HS8 5SX,HS,0,0,0,0,0,100,100,8.1,7.3,2.3,8.1,7.3,7.3,0,0,0.4,0.4,0.4,0.4,0.4,0.4,0,0,0,1,10,0,0,0,51.5,51.5,51.5,0,0
HS85SY,HS8 5SY,HS,0,0,0,9,56,100,100,6.8,6.2,0.2,8.1,6.2,6.2,0,0,0.4,0.4,0.4,0.4,0.4,0.4,0,0,1,7,19,0,0,0,58.5,58.5,58.5,0,0
HS85SZ,HS8 5SZ,HS,0,0,0,0,0,100,100,8.1,8.1,8.1,8.1,8.1,8.1,0,0,0.4,0.4,0.4,0.4,0.4,0.4,0,0,0,0,5,0,0,0,5.7,5.7,5.7,0,0
HS85TB,HS8 5TB,HS,0,0,0,0,19,100,100,7.4,6.5,1.9,8.1,6.5,6.5,0,0,0.4,0.4,0.4,0.4,0.4,0.4,0,0,1,7,25,0,0,0,59.5,59.5,59.5,0,0
HS85TD,HS8 5TD,HS,0,0,0,29,75,100,100,2.8,3.6,0.5,7.4,3.6,3.6,0,0,0.4,0.4,0.4,0.4,0.4,0.4,0,0,2,15,4,0,0,0,26.4,26.4,26.4,0,0
HS85TE,HS8 5TE,HS,0,0,0,93,100,100,100,1.3,1.3,0.4,2.1,1.3,1.3,0,0,0.4,0.4,0.2,0.4,0.4,0.4,0,0,8,2,0,0,0,0,16.4,16.4,16.4,0,0
HS85TF,HS8 5TF,HS,0,0,0,0,100,100,100,4.1,4.1,2.9,4.7,4.1,4.1,0,0,0.4,0.4,0.4,0.4,0.4,0.4,0,0,0,6,0,0,0,0,78.2,78.2,78.2,0,0
HS85TG,HS8 5TG,HS,0,0,0,0,0,100,100,7.8,7.6,6.4,8.1,7.6,7.6,0,0,0.4,0.4,0.4,0.4,0.4,0.4,0,0,0,0,5,0,0,0,66.8,66.8,66.8,0,0
HS85TH,HS8 5TH,HS,0,0,0,15,50,100,100,4.1,4.2,0.2,8.1,4.2,4.2,0,0,0.4,0.4,0.2,0.4,0.4,0.4,0,0,4,24,15,0,0,0,46.8,46.8,46.8,0,0
HS85TJ,HS8 5TJ,HS,0,0,0,0,0,100,100,5.6,5.2,1.4,8.1,5.2,5.2,0,0,0.4,0.4,0.2,0.4,0.4,0.4,0,0,2,10,17,0,0,0,63.8,63.8,63.8,0,0
HS85TL,HS8 5TL,HS,0,0,0,0,0,100,100,N/A,N/A,N/A,N/A,N/A,N/A,N/A,N/A,N/A,N/A,N/A,N/A,N/A,N/A,N/A,N/A,N/A,N/A,N/A,N/A,N/A,N/A,N/A,N/A,N/A,N/A,N/A
HS85TN,HS8 5TN,HS,0,0,0,6,9,100,100,7.4,6.5,1.6,8.1,6.5,6.5,0,0,0.4,0.4,0.4,0.4,0.4,0.4,0,0,1,8,24,0,0,0,46.3,46.3,46.3,0,0
HS85TP,HS8 5TP,HS,0,0,0,0,96,100,100,4.3,4.2,2.0,6.2,4.2,4.2,0,0,0.4,0.4,0.4,0.4,0.4,0.4,0,0,0,10,5,0,0,0,47.1,47.1,47.1,0,0
HS85TR,HS8 5TR,HS,0,0,0,75,100,100,100,1.7,1.9,1.2,2.8,1.9,1.9,0,0,0.4,0.4,0.3,0.4,0.4,0.4,0,0,5,2,0,0,0,0,52.9,52.9,52.9,0,0
HS85TS,HS8 5TS,HS,0,0,0,0,0,0,0,0.7,1.1,0.3,4.9,1.1,1.1,0,0,0.3,0.3,0.2,0.4,0.3,0.3,0,0,11,1,0,0,0,0,19.6,19.6,19.6,0,0
HS85TT,HS8 5TT,HS,0,0,0,78,100,100,100,1.2,1.3,0.4,2.3,1.3,1.3,0,0,0.4,0.4,0.4,0.4,0.4,0.4,0,0,8,2,0,0,0,0,36.5,36.5,36.5,0,0
HS85TU,HS8 5TU,HS,0,0,0,53,100,100,100,2.3,2.4,0.9,4.0,2.4,2.4,0,0,0.4,0.4,0.4,0.4,0.4,0.4,0,0,4,10,0,0,0,0,18.4,18.4,18.4,0,0
HS85TW,HS8 5TW,HS,0,0,0,13,13,100,100,4.8,5.1,3.4,6.8,5.1,5.1,0,0,0.4,0.4,0.4,0.4,0.4,0.4,0,0,0,3,2,0,0,0,26.4,26.4,26.4,0,0
HS85TX,HS8 5TX,HS,0,0,0,11,95,100,100,2.3,2.3,0.4,4.5,2.3,2.3,0,0,0.4,0.4,0.3,0.4,0.4,0.4,0,0,7,8,0,0,0,0,31.3,31.3,31.3,0,0
HS85TY,HS8 5TY,HS,0,0,0,0,86,100,100,2.5,2.1,0.4,2.8,2.1,2.1,0,0,0.4,0.4,0.4,0.4,0.4,0.4,0,0,1,3,0,0,0,0,60.9,60.9,60.9,0,0
HS85UB,HS8 5UB,HS,0,0,0,59,100,100,100,1.2,1.7,0.3,5.1,1.7,1.7,0,0,0.4,0.4,0.3,0.4,0.4,0.4,0,0,11,4,1,0,0,0,26.4,26.4,26.4,0,0
HS85UD,HS8 5UD,HS,0,0,0,0,0,0,0,N/A,N/A,N/A,N/A,N/A,N/A,N/A,N/A,N/A,N/A,N/A,N/A,N/A,N/A,N/A,N/A,N/A,N/A,N/A,N/A,N/A,N/A,N/A,N/A,N/A,N/A,N/A
HS95UA,HS9 5UA,HS,0,0,0,0,100,100,100,7.1,6.7,4.5,8.1,6.7,6.7,0,0,0.4,0.4,0.4,0.4,0.4,0.4,0,0,0,1,3,0,0,0,29.8,29.8,29.8,0,0
HS95UB,HS9 5UB,HS,0,0,0,0,100,100,100,N/A,N/A,N/A,N/A,N/A,N/A,N/A,N/A,N/A,N/A,N/A,N/A,N/A,N/A,N/A,N/A,N/A,N/A,N/A,N/A,N/A,N/A,N/A,N/A,N/A,N/A,N/A
HS95UH,HS9 5UH,HS,0,0,0,0,19,100,100,8.1,6.7,0.6,8.1,6.7,6.7,0,0,0.4,0.4,0.3,0.4,0.4,0.4,0,0,2,2,23,0,0,0,30.2,30.2,30.2,0,0
HS95UJ,HS9 5UJ,HS,0,0,0,0,0,100,100,0,0,0,0,0,0,0,0,0,0,0,0,0,0,0,0,0,0,0,0,0,0,0,0,0,0,0
HS95UL,HS9 5UL,HS,0,0,0,0,0,100,100,N/A,N/A,N/A,N/A,N/A,N/A,N/A,N/A,N/A,N/A,N/A,N/A,N/A,N/A,N/A,N/A,N/A,N/A,N/A,N/A,N/A,N/A,N/A,N/A,N/A,N/A,N/A
HS95UN,HS9 5UN,HS,0,0,0,0,70,100,100,6.6,6.1,1.8,8.1,6.1,6.1,0,0,0.4,0.4,0.4,0.4,0.4,0.4,0,0,1,5,11,0,0,0,60.2,63.7,63.7,0,0
HS95UP,HS9 5UP,HS,0,0,0,20,100,100,100,5.7,5.5,2.1,7.4,5.5,5.5,0,0,0.4,0.4,0.4,0.4,0.4,0.4,0,0,0,4,7,0,0,0,37.8,40.6,40.6,0,0
HS95UQ,HS9 5UQ,HS,0,0,0,0,0,100,100,8.1,7.3,4.0,8.1,7.3,7.3,0,0,0.4,0.5,0.4,0.7,0.5,0.5,0,0,0,4,18,0,0,0,48.1,48.1,48.1,0,0
HS95UR,HS9 5UR,HS,0,0,0,96,100,100,100,3.4,3.9,0.2,8.1,3.9,3.9,0,0,0.4,0.4,0.4,0.4,0.4,0.4,0,0,4,8,7,0,0,0,36.6,36.6,36.6,0,0
HS95UT,HS9 5UT,HS,0,0,0,0,0,0,0,N/A,N/A,N/A,N/A,N/A,N/A,N/A,N/A,N/A,N/A,N/A,N/A,N/A,N/A,N/A,N/A,N/A,N/A,N/A,N/A,N/A,N/A,N/A,N/A,N/A,N/A,N/A
HS95UW,HS9 5UW,HS,0,0,0,38,100,100,100,5.7,5.8,3.4,8.1,5.8,5.8,0,0,0.4,0.4,0.4,0.4,0.4,0.4,0,0,0,3,9,0,0,0,51.4,51.4,51.4,0,0
HS95UZ,HS9 5UZ,HS,0,0,0,0,0,100,100,N/A,N/A,N/A,N/A,N/A,N/A,N/A,N/A,N/A,N/A,N/A,N/A,N/A,N/A,N/A,N/A,N/A,N/A,N/A,N/A,N/A,N/A,N/A,N/A,N/A,N/A,N/A
HS95XB,HS9 5XB,HS,0,0,0,0,0,100,100,8.1,7.8,5.7,8.1,7.8,7.8,0,0,0.4,0.4,0.4,0.4,0.4,0.4,0,0,0,0,12,0,0,0,36.4,39.4,39.4,0,0
HS95XD,HS9 5XD,HS,0,0,0,0,2,100,100,8.1,7.4,0.6,8.1,7.4,7.4,0,0,0.4,0.5,0.4,0.8,0.5,0.5,0,0,1,4,48,0,0,0,37.5,37.5,37.5,0,0
HS95XE,HS9 5XE,HS,0,0,0,0,0,100,100,8.1,8.1,8.1,8.1,8.1,8.1,0,0,0.4,0.4,0.4,0.4,0.4,0.4,0,0,0,0,8,0,0,0,49.2,49.2,49.2,0,0
HS95XF,HS9 5XF,HS,0,0,0,0,0,100,100,0,0,0,0,0,0,0,0,0,0,0,0,0,0,0,0,0,0,0,0,0,0,0,0,0,0,0
HS95XG,HS9 5XG,HS,0,0,0,0,0,100,100,N/A,N/A,N/A,N/A,N/A,N/A,N/A,N/A,N/A,N/A,N/A,N/A,N/A,N/A,N/A,N/A,N/A,N/A,N/A,N/A,N/A,N/A,N/A,N/A,N/A,N/A,N/A
HS95XH,HS9 5XH,HS,0,0,0,0,0,100,100,8.1,8.1,7.9,8.1,8.1,8.1,0,0,0.4,0.4,0.4,0.4,0.4,0.4,0,0,0,0,7,0,0,0,39.5,39.5,39.5,0,0
HS95XJ,HS9 5XJ,HS,0,0,0,0,0,100,100,8.1,7.6,1.4,8.1,7.6,7.6,0,0,0.4,0.4,0.4,0.4,0.4,0.4,0,0,1,1,36,0,0,0,84.5,86.2,86.2,0,0
HS95XL,HS9 5XL,HS,0,0,0,0,0,100,100,8.1,7.2,0.6,8.1,7.2,7.2,0,0,0.4,0.4,0.4,0.4,0.4,0.4,0,0,1,1,23,0,0,0,47.0,47.0,47.0,0,0
HS95XN,HS9 5XN,HS,0,0,0,0,14,100,100,8.1,7.7,1.2,8.1,7.7,7.7,0,0,0.4,0.4,0.4,0.4,0.4,0.4,0,0,1,1,26,0,0,0,62.2,64.3,64.3,0,0
HS95XP,HS9 5XP,HS,0,0,0,0,0,100,100,8.1,7.6,5.8,8.1,7.6,7.6,0,0,0.4,0.4,0.4,0.4,0.4,0.4,0,0,0,0,8,0,0,0,93.6,93.6,93.6,0,0
HS95XQ,HS9 5XQ,HS,0,0,0,0,0,100,100,N/A,N/A,N/A,N/A,N/A,N/A,N/A,N/A,N/A,N/A,N/A,N/A,N/A,N/A,N/A,N/A,N/A,N/A,N/A,N/A,N/A,N/A,N/A,N/A,N/A,N/A,N/A
HS95XR,HS9 5XR,HS,0,0,0,7,100,100,100,5.6,5.2,0.2,8.1,5.2,5.2,0,0,0.4,0.4,0.4,0.4,0.4,0.4,0,0,4,15,21,0,0,0,33.4,34.3,34.3,0,0
HS95XS,HS9 5XS,HS,0,0,0,63,100,100,100,5.8,5.6,3.4,7.2,5.6,5.6,0,0,0.4,0.4,0.4,0.4,0.4,0.4,0,0,0,3,7,0,0,0,51.7,51.7,51.7,0,0
HS95XT,HS9 5XT,HS,0,0,0,100,100,100,100,5.1,4.1,0.4,8.1,4.1,4.1,0,0,0.4,0.4,0.3,0.4,0.4,0.4,0,0,2,1,4,0,0,0,51.7,51.7,51.7,0,0
HS95XU,HS9 5XU,HS,0,0,0,100,100,100,100,0.5,0.5,0.2,0.9,0.5,0.5,0,0,0.4,0.4,0.4,0.4,0.4,0.4,0,0,4,0,0,0,0,0,22.5,22.5,22.5,0,0
HS95XW,HS9 5XW,HS,0,0,0,0,0,100,100,6.8,6.3,2.0,8.1,6.3,6.3,0,0,0.4,0.5,0.4,0.8,0.5,0.5,0,0,0,5,13,0,0,0,102.3,102.3,102.3,0,0
HS95XX,HS9 5XX,HS,0,0,0,0,0,0,0,0.8,0.8,0.2,1.4,0.8,0.8,0,0,0.4,0.4,0.4,0.4,0.4,0.4,0,0,4,0,0,0,0,0,14.8,14.8,14.8,0,0
HS95XY,HS9 5XY,HS,0,0,0,0,0,0,0,N/A,N/A,N/A,N/A,N/A,N/A,N/A,N/A,N/A,N/A,N/A,N/A,N/A,N/A,N/A,N/A,N/A,N/A,N/A,N/A,N/A,N/A,N/A,N/A,N/A,N/A,N/A
HS95XZ,HS9 5XZ,HS,0,0,0,0,0,0,0,0.9,0.9,0.5,1.2,0.9,0.9,0,0,0.4,0.4,0.4,0.4,0.4,0.4,0,0,7,0,0,0,0,0,32.1,32.1,32.1,0,0
HS95YA,HS9 5YA,HS,0,0,0,0,0,0,0,N/A,N/A,N/A,N/A,N/A,N/A,N/A,N/A,N/A,N/A,N/A,N/A,N/A,N/A,N/A,N/A,N/A,N/A,N/A,N/A,N/A,N/A,N/A,N/A,N/A,N/A,N/A
HS95YD,HS9 5YD,HS,0,0,0,0,0,0,0,N/A,N/A,N/A,N/A,N/A,N/A,N/A,N/A,N/A,N/A,N/A,N/A,N/A,N/A,N/A,N/A,N/A,N/A,N/A,N/A,N/A,N/A,N/A,N/A,N/A,N/A,N/A
HS95YL,HS9 5YL,HS,0,0,0,80,100,100,100,6.8,6.3,3.7,7.6,6.3,6.3,0,0,0.4,0.4,0.4,0.4,0.4,0.4,0,0,0,1,4,0,0,0,34.7,34.7,34.7,0,0
HS95YN,HS9 5YN,HS,0,0,0,17,67,100,100,1.0,1.1,0.4,2.3,1.1,1.1,0,0,0.4,0.4,0.4,0.4,0.4,0.4,0,0,5,1,0,0,0,0,23.0,23.0,23.0,0,0
HS95YP,HS9 5YP,HS,0,0,0,0,0,0,0,7.0,7.1,6.8,7.5,7.1,7.1,0,0,0.4,0.4,0.4,0.4,0.4,0.4,0,0,0,0,5,0,0,0,67.3,67.3,67.3,0,0
HS95YU,HS9 5YU,HS,0,0,0,100,100,100,100,0.5,0.5,0.4,0.7,0.5,0.5,0,0,0.4,0.4,0.4,0.4,0.4,0.4,0,0,7,0,0,0,0,0,16.6,16.6,16.6,0,0
HS95YW,HS9 5YW,HS,0,0,0,67,100,100,100,0.7,1.6,0.4,8.1,1.6,1.6,0,0,0.4,0.4,0.4,0.4,0.4,0.4,0,0,10,1,1,0,0,0,22.0,22.0,22.0,0,0
HS95ZE,HS9 5ZE,HS,0,0,0,0,0,100,100,8.1,8.1,8.1,8.1,8.1,8.1,0,0,0,0,0,0,0,0,0,0,0,0,7,0,0,0,55.3,55.3,55.3,0,0
